Source,Target,Weight,Source stage,Target stage
Web,Control,13,1,2
Web,Treatment A,32,1,2
Web,Treatment B,17,1,2
Clinic,Control,12,1,2
Clinic,Treatment A,20,1,2
Clinic,Treatment B,14,1,2
Referral,Control,10,1,2
Referral,Treatment A,7,1,2
Referral,Treatment B,5,1,2
Control,Low,16,2,3
Control,Moderate,19,2,3
Treatment A,Low,4,2,3
Treatment A,Moderate,18,2,3
Treatment A,High,37,2,3
Treatment B,Low,3,2,3
Treatment B,Moderate,15,2,3
Treatment B,High,18,2,3
Late entry,Low,3,2,3
Late entry,Moderate,5,2,3
Late entry,High,10,2,3
Low,Completed,11,3,4
Low,Withdrawn,15,3,4
Moderate,Completed,53,3,4
Moderate,Withdrawn,4,3,4
High,Completed,65,3,4
