Entry channel,Study group,Response,Final status,Frequency
Web,Treatment A,High,Completed,18
Web,Treatment A,Moderate,Completed,10
Web,Treatment A,Low,Withdrawn,4
Web,Treatment B,High,Completed,8
Web,Treatment B,Moderate,Completed,6
Web,Treatment B,Low,Withdrawn,3
Web,Control,Moderate,Completed,8
Web,Control,Low,Completed,5
Clinic,Treatment A,High,Completed,12
Clinic,Treatment A,Moderate,Completed,8
Clinic,Treatment B,High,Completed,10
Clinic,Treatment B,Moderate,Withdrawn,4
Clinic,Control,Moderate,Completed,7
Clinic,Control,Low,Withdrawn,5
Referral,Treatment A,High,Completed,7
Referral,Treatment B,Moderate,Completed,5
Referral,Control,Low,Completed,6
Referral,Control,Moderate,Completed,4
,Late entry,High,Completed,10
,Late entry,Moderate,Completed,5
,Late entry,Low,Withdrawn,3
