value,grp
22.03379725,0
1.164440871,0
3.539222487,0
11.26688064,0
9.795750227,0
24.80993888,0
25.79614946,0
17.34585228,0
25.55281415,0
47.75130608,0
4.375230017,0
-30.53945304,0
4.745144249,0
20.69238351,0
60.52061169,0
20.01187684,0
12.25304575,0
15.17729859,0
22.49359229,0
21.16666226,0
-27.37641237,0
16.48012701,0
1.426830093,0
19.64587343,0
9.503461368,0
18.2272436,0
-5.258456187,0
3.632627593,0
-0.593657862,0
8.705516191,0
15.65503342,0
16.25962002,0
-8.452146833,0
3.634264683,0
11.45857939,0
16.96581992,0
10.19354047,0
0.537617123,0
8.889438757,0
-30.5634637,0
-16.25811248,0
16.61893864,0
14.45434125,0
48.1778591,0
-8.803893909,0
6.295514393,0
20.10737378,0
12.37473614,0
24.39252628,0
46.28447303,0
6.447945705,0
7.146915121,0
-6.984222384,0
3.219216776,0
-23.93060979,0
4.136055648,0
20.94740583,0
25.58801159,0
-4.813963389,0
-1.006113709,0
22.97134986,0
-16.63218766,0
51.46513675,0
11.70414296,0
-12.78566171,0
2.586981534,0
32.60794645,0
10.41848125,0
17.09762844,0
47.27163858,0
26.0545369,0
-4.43615929,0
29.95881576,0
-18.0414497,0
12.24843006,0
-8.284208636,0
18.55136477,0
7.007716956,0
-8.842001737,0
39.43734216,0
24.55155143,0
6.64362349,0
-0.878147805,0
40.52919055,0
41.52281352,0
-26.56568879,0
37.33540896,0
3.41982857,0
10.91754373,0
18.28890734,0
1.75774974,0
-41.85429472,0
-0.690609997,0
13.23386757,0
5.88535502,0
15.91667231,0
-0.530357031,0
-18.9926902,0
20.157828,0
22.61469151,0
42.23667591,0
-0.048324839,0
54.18361641,0
-11.16034921,0
25.45158739,0
52.53306543,0
0.966671248,0
16.56241355,0
-26.54940883,0
8.526072886,0
-11.99262781,0
-15.34738996,0
0.859805621,0
10.94969437,0
17.89700607,0
19.88375177,0
7.509667082,0
2.855100572,0
-13.30871212,0
17.93174877,0
8.794419298,0
-5.558998712,0
-7.906359062,0
3.796609488,0
-15.9213266,0
11.19639481,0
24.5316335,0
19.5737505,0
-4.659417502,0
-10.18668965,0
7.159261511,0
-9.656499717,0
12.17301022,0
0.595733834,0
7.095892468,0
34.37027433,0
8.334237716,0
8.202156348,0
38.18524081,0
11.03700586,0
6.886981535,0
-5.509385776,0
9.439205567,0
8.452426553,0
33.79224497,0
36.05302143,0
-39.64167601,0
18.39904715,0
-21.1984877,0
21.42147994,0
0.527339833,0
-19.00587788,0
11.29907676,0
13.64534571,0
2.202128851,0
30.46876943,0
-39.15709724,0
10.60520051,0
-32.35862434,0
-3.05643309,0
18.78496849,0
21.03103386,0
20.45484623,0
54.46919775,0
-29.48698577,0
29.19306669,0
18.18731678,0
13.87581167,0
5.154257704,0
17.25426617,0
-4.124225345,0
-4.06933734,0
-11.92273314,0
7.660711415,0
-5.406249076,0
-13.47546797,0
26.74407031,0
17.5935759,0
30.25808499,0
8.119187694,0
33.68392416,0
26.60328053,1
21.29383236,1
14.99239832,1
14.61445779,1
6.732026375,1
13.91792128,1
-3.697490431,1
37.98433343,1
9.838587428,1
27.61814019,1
5.671032593,1
-2.994041754,1
18.7630724,1
16.6868779,1
-18.37650754,1
18.82710083,1
5.966595634,1
19.52745722,1
20.84092673,1
31.24888852,1
2.508264768,1
-2.865803001,1
-4.627403289,1
19.27630026,1
9.022725206,1
8.772955223,1
3.308279045,1
8.906287146,1
34.20074452,1
3.476330928,1
-16.45501809,1
16.03986337,1
-0.150870366,1
-10.15613063,1
18.13574843,1
41.40148692,1
29.89596967,1
20.89056241,1
-3.678140931,1
7.122176865,1
11.4509169,1
29.01680662,1
5.547227627,1
-13.3328592,1
32.13882908,1
7.562099452,1
5.247162587,1
9.356532498,1
-3.658836906,1
-26.80424925,1
0.91751306,1
-21.96491889,1
16.39793143,1
14.589333,1
-30.33863661,1
-5.285081645,1
10.01759872,1
-6.603280528,1
7.897793946,1
-8.300443116,1
39.99559001,1
15.32775175,1
34.242172,1
30.73402356,1
31.39204298,1
-0.2030981,1
0.973446984,1
16.72732767,1
60.63266144,1
7.108261596,1
-13.693201,1
19.42304723,1
-10.21724868,1
-16.72531991,1
-6.035573935,1
25.18897079,1
21.69087227,1
-12.50681064,1
-0.388248484,1
6.953556547,1
-19.68363333,1
-9.275694285,1
-20.06171028,1
28.14519237,1
16.19056664,1
1.250388121,1
7.917780092,1
44.63528628,1
2.877928889,1
-34.76387403,1
-18.33476174,1
31.39745447,1
8.570547177,1
10.39244696,1
16.07349193,1
-9.567414711,1
9.653437044,1
-4.900660972,1
-10.20196916,1
-4.627403289,1
-0.037911125,1
-42.12350516,1
-1.685415302,1
-7.465299607,1
47.58905223,1
0.247420101,1
22.78312993,1
6.149108483,1
32.33473424,1
-24.78708095,1
10.02678462,1
14.62860044,1
11.28222837,1
-6.964486349,1
43.28405001,1
38.19351721,1
7.834697751,1
-11.40018296,1
23.72263796,1
-27.42916306,1
11.74713932,1
30.11042852,1
11.67037797,1
7.102077032,1
-10.1180228,1
5.622465576,1
31.48990461,1
27.38253559,1
23.11518645,1
3.822279976,1
31.78103387,1
0.669175531,1
-1.82906999,1
53.90713002,1
-5.242085283,1
-5.561090549,1
-11.79763214,1
17.42611519,1
7.585200617,1
-2.265650184,1
-19.92983354,1
-26.73794708,1
51.97718226,1
14.26007318,1
16.38024176,1
0.307696862,1
0.585502019,1
-22.91688699,1
-3.158842194,1
-9.048093236,1
0.391916072,1
21.46472641,1
24.39648258,1
14.63803644,1
2.028506313,1
6.284623194,1
-9.723574951,1
36.55442586,1
6.52252427,1
8.113048605,1
-7.792444851,1
2.358721101,1
27.25788934,1
25.16041266,1
-26.06455721,1
-18.68546289,1
7.139184416,1
27.89039743,1
20.97585027,1
5.223538463,1
27.64069566,1
8.248244992,1
17.62811396,1
-2.848886399,1
-23.98881745,1
52.9841748,2
-37.13583621,2
-15.89304131,2
25.0078904,2
46.75449989,2
-4.390525394,2
9.208034751,2
-11.03224688,2
-22.53180694,2
7.273584995,2
11.74100023,2
10.09104042,2
6.508540789,2
13.19821538,2
13.94911694,2
-15.78376552,2
-8.633181753,2
0.427954799,2
44.14552339,2
14.75126853,2
13.80102847,2
18.36898835,2
-5.656542018,2
1.582558323,2
10.67714154,2
-51.58370525,2
30.51533556,2
-9.151912056,2
-5.121668184,2
23.50276762,2
1.776076058,2
4.022573446,2
0.657215676,2
27.01714609,2
8.116118149,2
21.15949999,2
27.42723725,2
9.726878741,2
44.30423021,2
1.97877969,2
27.87898327,2
36.23278306,2
40.6919901,2
9.881424628,2
12.14836291,2
10.61284027,2
18.72603323,2
30.30160431,2
26.95132141,2
8.346515895,2
31.76993803,2
11.4156285,2
29.15914254,2
36.65074135,2
-9.183380573,2
3.505366547,2
9.36878794,2
29.63667273,2
32.10499588,2
1.009008227,2
21.31359113,2
9.564693098,2
6.536507751,2
11.55064299,2
2.011930772,2
36.53596312,2
-1.934935173,2
10.28380782,2
-12.33473424,2
-2.223199519,2
42.47450877,2
-43.36041795,2
-14.08660293,2
33.78292265,2
8.874113771,2
8.598173079,2
22.81691766,2
55.22516974,2
-3.712951841,2
20.51100753,2
-33.18681022,2
8.180646799,2
-33.82236511,2
-0.910116544,2
-13.0452315,2
-32.25839803,2
20.90122623,2
18.4592557,2
31.0109647,2
20.27983672,2
45.1039489,2
12.91493052,2
-2.041164155,3
9.15751232,3
26.72888175,3
-9.392837203,3
30.54121069,3
0.805417838,3
19.17079888,3
-7.656475393,3
-2.428563423,3
38.90546966,3
-6.9600753,3
11.98378984,3
-1.118436305,3
23.21782293,3
43.06604413,3
11.50614596,3
-5.509385776,3
2.722837305,3
30.01174835,3
10.82411589,3
18.62014531,3
-5.594241631,3
10.23637767,3
9.497367753,3
-4.789839042,3
-12.68930075,3
-14.60333235,3
40.74674169,3
21.09522145,3
14.00218596,3
-31.42584658,3
19.23882908,3
21.11664005,3
5.393386598,3
33.59779501,3
-8.901710064,3
-5.437126422,3
-6.243211576,3
-2.890268408,3
12.7464921,3
19.13510121,3
27.70172275,3
30.25044523,3
18.79508661,3
29.38306013,4
47.57122613,4
-27.4733645,4
0.321430232,4
24.1399596,4
-29.0868081,4
6.145993464,4
1.917411535,5
