Temperature_C,Pressure_kPa,Flow_L_min,ObservationOrder,ObservationLabel,SubgroupID,SubgroupSequence,SubgroupLabel,Stage,Phase,Excluded,ExclusionReason
51.425,99.753,18.755,1,Obs-001,G01,1,Subgroup 01,Baseline,Phase I,No,
50.43,102.014,20.067,2,Obs-002,G01,1,Subgroup 01,Baseline,Phase I,No,
50.098,99.79,20.564,3,Obs-003,G01,1,Subgroup 01,Baseline,Phase I,No,
49.982,101.008,18.777,4,Obs-004,G01,1,Subgroup 01,Baseline,Phase I,No,
51.94,101.526,19.974,5,Obs-005,G01,1,Subgroup 01,Baseline,Phase I,No,
48.846,101.343,21.211,6,Obs-006,G02,2,Subgroup 02,Baseline,Phase I,No,
50.397,100.798,20.248,7,Obs-007,G02,2,Subgroup 02,Baseline,Phase I,No,
49.562,100.201,20.82,8,Obs-008,G02,2,Subgroup 02,Baseline,Phase I,No,
50.318,101.527,19.824,9,Obs-009,G02,2,Subgroup 02,Baseline,Phase I,No,
48.996,97.177,19.157,10,Obs-010,G02,2,Subgroup 02,Baseline,Phase I,No,
50.427,101.077,21.675,11,Obs-011,G03,3,Subgroup 03,Baseline,Phase I,No,
49.684,102.551,20.057,12,Obs-012,G03,3,Subgroup 03,Baseline,Phase I,No,
50.494,100.746,19.13,13,Obs-013,G03,3,Subgroup 03,Baseline,Phase I,No,
50.533,99.899,20.652,14,Obs-014,G03,3,Subgroup 03,Baseline,Phase I,No,
49.641,99.877,21.732,15,Obs-015,G03,3,Subgroup 03,Baseline,Phase I,No,
51.416,100,18.03,16,Obs-016,G04,4,Subgroup 04,Baseline,Phase I,No,
50.832,100.247,17.412,17,Obs-017,G04,4,Subgroup 04,Baseline,Phase I,No,
48.288,100.568,19.285,18,Obs-018,G04,4,Subgroup 04,Baseline,Phase I,No,
49.919,99.492,21.612,19,Obs-019,G04,4,Subgroup 04,Baseline,Phase I,No,
49.797,98.345,20.724,20,Obs-020,G04,4,Subgroup 04,Baseline,Phase I,No,
51.239,102.08,20.196,21,Obs-021,G05,5,Subgroup 05,Baseline,Phase I,No,
48.965,100.309,20.547,22,Obs-022,G05,5,Subgroup 05,Baseline,Phase I,No,
50.792,99.509,20.045,23,Obs-023,G05,5,Subgroup 05,Baseline,Phase I,No,
50.007,99.771,20.398,24,Obs-024,G05,5,Subgroup 05,Baseline,Phase I,No,
47.485,98.995,20.786,25,Obs-025,G05,5,Subgroup 05,Baseline,Phase I,No,
50.001,98.664,19.306,26,Obs-026,G06,6,Subgroup 06,Baseline,Phase I,No,
50.01,100.656,19.175,27,Obs-027,G06,6,Subgroup 06,Baseline,Phase I,No,
49.682,99.008,19.584,28,Obs-028,G06,6,Subgroup 06,Baseline,Phase I,No,
50.506,98.907,18.103,29,Obs-029,G06,6,Subgroup 06,Baseline,Phase I,No,
50.52,97.959,18.115,30,Obs-030,G06,6,Subgroup 06,Baseline,Phase I,No,
49.036,99.811,19.786,31,Obs-031,G07,7,Subgroup 07,Baseline,Phase I,No,
50.648,102.563,18.932,32,Obs-032,G07,7,Subgroup 07,Baseline,Phase I,No,
50.36,100.887,18.36,33,Obs-033,G07,7,Subgroup 07,Baseline,Phase I,No,
50.733,100.13,19.188,34,Obs-034,G07,7,Subgroup 07,Baseline,Phase I,No,
50.125,99.808,17.064,35,Obs-035,G07,7,Subgroup 07,Baseline,Phase I,No,
50.661,98.39,18.996,36,Obs-036,G08,8,Subgroup 08,Baseline,Phase I,Yes,Calibration check; exclude from estimation and signal evaluation
48.942,99.001,21.755,37,Obs-037,G08,8,Subgroup 08,Baseline,Phase I,Yes,Calibration check; exclude from estimation and signal evaluation
49.791,98.929,20.112,38,Obs-038,G08,8,Subgroup 08,Baseline,Phase I,Yes,Calibration check; exclude from estimation and signal evaluation
50.986,98.728,18.946,39,Obs-039,G08,8,Subgroup 08,Baseline,Phase I,Yes,Calibration check; exclude from estimation and signal evaluation
50.13,101.212,21.169,40,Obs-040,G08,8,Subgroup 08,Baseline,Phase I,Yes,Calibration check; exclude from estimation and signal evaluation
48.622,98.777,21.129,41,Obs-041,G09,9,Subgroup 09,Baseline,Phase I,No,
50.824,99.023,19.983,42,Obs-042,G09,9,Subgroup 09,Baseline,Phase I,No,
48.278,100.841,20.695,43,Obs-043,G09,9,Subgroup 09,Baseline,Phase I,No,
49.863,100.391,18.765,44,Obs-044,G09,9,Subgroup 09,Baseline,Phase I,No,
51.573,100.253,17.811,45,Obs-045,G09,9,Subgroup 09,Baseline,Phase I,No,
50.795,101.461,19.659,46,Obs-046,G10,10,Subgroup 10,Baseline,Phase I,No,
49.287,100.342,22.09,47,Obs-047,G10,10,Subgroup 10,Baseline,Phase I,No,
51.005,103.633,20.323,48,Obs-048,G10,10,Subgroup 10,Baseline,Phase I,No,
50.074,99.752,21.062,49,Obs-049,G10,10,Subgroup 10,Baseline,Phase I,No,
48.821,100.317,21.115,50,Obs-050,G10,10,Subgroup 10,Baseline,Phase I,No,
50.899,99.62,19.119,51,Obs-051,G11,11,Subgroup 11,Baseline,Phase I,No,
49.896,99.986,21.505,52,Obs-052,G11,11,Subgroup 11,Baseline,Phase I,No,
51.351,100.447,18.624,53,Obs-053,G11,11,Subgroup 11,Baseline,Phase I,No,
50.248,100.007,19.021,54,Obs-054,G11,11,Subgroup 11,Baseline,Phase I,No,
51.231,100.906,18.917,55,Obs-055,G11,11,Subgroup 11,Baseline,Phase I,No,
50.532,101.95,19.677,56,Obs-056,G12,12,Subgroup 12,Baseline,Phase I,No,
50.036,99.623,19.847,57,Obs-057,G12,12,Subgroup 12,Baseline,Phase I,No,
50.051,101.415,20.657,58,Obs-058,G12,12,Subgroup 12,Baseline,Phase I,No,
49.78,100.993,20.249,59,Obs-059,G12,12,Subgroup 12,Baseline,Phase I,No,
50.189,100.385,20.816,60,Obs-060,G12,12,Subgroup 12,Baseline,Phase I,No,
49.618,100.604,19.729,61,Obs-061,G13,13,Subgroup 13,Baseline,Phase I,No,
50.59,102.017,20.061,62,Obs-062,G13,13,Subgroup 13,Baseline,Phase I,No,
49.996,101.994,20.294,63,Obs-063,G13,13,Subgroup 13,Baseline,Phase I,No,
50.268,100.269,19.787,64,Obs-064,G13,13,Subgroup 13,Baseline,Phase I,No,
50.591,100.245,20.159,65,Obs-065,G13,13,Subgroup 13,Baseline,Phase I,No,
51.14,100.719,19.666,66,Obs-066,G14,14,Subgroup 14,Baseline,Phase I,No,
52.138,101.391,19.586,67,Obs-067,G14,14,Subgroup 14,Baseline,Phase I,No,
50.217,100.768,21.397,68,Obs-068,G14,14,Subgroup 14,Baseline,Phase I,No,
49.98,100.978,20.109,69,Obs-069,G14,14,Subgroup 14,Baseline,Phase I,No,
51.327,101.978,19.626,70,Obs-070,G14,14,Subgroup 14,Baseline,Phase I,No,
50.241,100.248,19.855,71,Obs-071,G15,15,Subgroup 15,Baseline,Phase I,No,
50.533,98.637,19.187,72,Obs-072,G15,15,Subgroup 15,Baseline,Phase I,No,
48.667,97.987,19.85,73,Obs-073,G15,15,Subgroup 15,Baseline,Phase I,No,
50.388,99.328,20.025,74,Obs-074,G15,15,Subgroup 15,Baseline,Phase I,No,
50.527,100.406,19.022,75,Obs-075,G15,15,Subgroup 15,Baseline,Phase I,No,
49.054,100.394,20.07,76,Obs-076,G16,16,Subgroup 16,Baseline,Phase I,No,
49.864,101.752,20.252,77,Obs-077,G16,16,Subgroup 16,Baseline,Phase I,No,
49.805,98.694,18.705,78,Obs-078,G16,16,Subgroup 16,Baseline,Phase I,No,
52.399,102.458,18.734,79,Obs-079,G16,16,Subgroup 16,Baseline,Phase I,No,
50.087,100.997,21.212,80,Obs-080,G16,16,Subgroup 16,Baseline,Phase I,No,
51.341,101.676,19.386,81,Obs-081,G17,17,Subgroup 17,Baseline,Phase I,No,
50.588,100.328,19.133,82,Obs-082,G17,17,Subgroup 17,Baseline,Phase I,No,
50.347,100.345,21.642,83,Obs-083,G17,17,Subgroup 17,Baseline,Phase I,No,
50.641,99.151,19.312,84,Obs-084,G17,17,Subgroup 17,Baseline,Phase I,No,
49.034,100.145,21.488,85,Obs-085,G17,17,Subgroup 17,Baseline,Phase I,No,
51.664,101.101,19.427,86,Obs-086,G18,18,Subgroup 18,Baseline,Phase I,No,
48.559,98.088,20.547,87,Obs-087,G18,18,Subgroup 18,Baseline,Phase I,No,
50.061,100.342,20.871,88,Obs-088,G18,18,Subgroup 18,Baseline,Phase I,No,
51.335,100.467,19.185,89,Obs-089,G18,18,Subgroup 18,Baseline,Phase I,No,
50.378,100.201,19.725,90,Obs-090,G18,18,Subgroup 18,Baseline,Phase I,No,
50.901,100.654,19.488,91,Obs-091,G19,19,Subgroup 19,Baseline,Phase I,No,
50.175,100.41,21.028,92,Obs-092,G19,19,Subgroup 19,Baseline,Phase I,No,
51.569,100.837,18.817,93,Obs-093,G19,19,Subgroup 19,Baseline,Phase I,No,
48.571,98.431,20.685,94,Obs-094,G19,19,Subgroup 19,Baseline,Phase I,No,
51.263,101.191,19.161,95,Obs-095,G19,19,Subgroup 19,Baseline,Phase I,No,
48.783,100.415,20.083,96,Obs-096,G20,20,Subgroup 20,Baseline,Phase I,No,
50.132,99.678,20.308,97,Obs-097,G20,20,Subgroup 20,Baseline,Phase I,No,
50.845,100.558,18.014,98,Obs-098,G20,20,Subgroup 20,Baseline,Phase I,No,
50.35,100.592,20.007,99,Obs-099,G20,20,Subgroup 20,Baseline,Phase I,No,
50.607,100.171,19.51,100,Obs-100,G20,20,Subgroup 20,Baseline,Phase I,No,
50.714,98.909,18.845,101,Obs-101,G21,21,Subgroup 21,Monitoring,Phase II,No,
51.279,100.958,19.775,102,Obs-102,G21,21,Subgroup 21,Monitoring,Phase II,No,
50.504,100.605,19.953,103,Obs-103,G21,21,Subgroup 21,Monitoring,Phase II,No,
51.445,101.234,19.491,104,Obs-104,G21,21,Subgroup 21,Monitoring,Phase II,No,
50.104,97.699,19.497,105,Obs-105,G21,21,Subgroup 21,Monitoring,Phase II,No,
49.812,99.705,20.758,106,Obs-106,G22,22,Subgroup 22,Monitoring,Phase II,No,
51.585,100.057,18.478,107,Obs-107,G22,22,Subgroup 22,Monitoring,Phase II,No,
49.652,99.233,19.435,108,Obs-108,G22,22,Subgroup 22,Monitoring,Phase II,No,
51.203,102.256,18.717,109,Obs-109,G22,22,Subgroup 22,Monitoring,Phase II,No,
50.452,100.258,20.21,110,Obs-110,G22,22,Subgroup 22,Monitoring,Phase II,No,
50.63,101.246,19.554,111,Obs-111,G23,23,Subgroup 23,Monitoring,Phase II,No,
51.045,100.602,18.826,112,Obs-112,G23,23,Subgroup 23,Monitoring,Phase II,No,
51.12,100.771,20.599,113,Obs-113,G23,23,Subgroup 23,Monitoring,Phase II,No,
51.78,101.308,19.7,114,Obs-114,G23,23,Subgroup 23,Monitoring,Phase II,No,
49.558,101.964,19.59,115,Obs-115,G23,23,Subgroup 23,Monitoring,Phase II,No,
51.271,100.431,18.34,116,Obs-116,G24,24,Subgroup 24,Monitoring,Phase II,No,
51.32,101.158,18.383,117,Obs-117,G24,24,Subgroup 24,Monitoring,Phase II,No,
51.257,101.159,19.691,118,Obs-118,G24,24,Subgroup 24,Monitoring,Phase II,No,
50.732,100.763,17.882,119,Obs-119,G24,24,Subgroup 24,Monitoring,Phase II,No,
50.401,101.589,18.182,120,Obs-120,G24,24,Subgroup 24,Monitoring,Phase II,No,
50.18,101.524,20.055,121,Obs-121,G25,25,Subgroup 25,Monitoring,Phase II,No,
51.374,101.278,18.84,122,Obs-122,G25,25,Subgroup 25,Monitoring,Phase II,No,
51.848,101.566,18.506,123,Obs-123,G25,25,Subgroup 25,Monitoring,Phase II,No,
50.577,102.388,20.567,124,Obs-124,G25,25,Subgroup 25,Monitoring,Phase II,No,
51.243,100.024,20.613,125,Obs-125,G25,25,Subgroup 25,Monitoring,Phase II,No,
50.738,100.269,20.258,126,Obs-126,G26,26,Subgroup 26,Monitoring,Phase II,No,
51.415,99.259,18.205,127,Obs-127,G26,26,Subgroup 26,Monitoring,Phase II,No,
50.511,99.873,19.168,128,Obs-128,G26,26,Subgroup 26,Monitoring,Phase II,No,
52.011,101.755,19.009,129,Obs-129,G26,26,Subgroup 26,Monitoring,Phase II,No,
50.625,100.091,17.533,130,Obs-130,G26,26,Subgroup 26,Monitoring,Phase II,No,
49.694,102.743,22.761,131,Obs-131,G27,27,Subgroup 27,Monitoring,Phase II,No,
53.226,104.566,20.175,132,Obs-132,G27,27,Subgroup 27,Monitoring,Phase II,No,
47.452,99.564,22.232,133,Obs-133,G27,27,Subgroup 27,Monitoring,Phase II,No,
50.134,97.378,20.871,134,Obs-134,G27,27,Subgroup 27,Monitoring,Phase II,No,
45.38,96.398,22.199,135,Obs-135,G27,27,Subgroup 27,Monitoring,Phase II,No,
53.518,98.573,23.25,136,Obs-136,G28,28,Subgroup 28,Monitoring,Phase II,No,
53.327,99.29,22.828,137,Obs-137,G28,28,Subgroup 28,Monitoring,Phase II,No,
52.089,95.368,20.796,138,Obs-138,G28,28,Subgroup 28,Monitoring,Phase II,No,
52.063,97.943,23.661,139,Obs-139,G28,28,Subgroup 28,Monitoring,Phase II,No,
52.236,96.17,23.066,140,Obs-140,G28,28,Subgroup 28,Monitoring,Phase II,No,
52.551,102.272,18.666,141,Obs-141,G29,29,Subgroup 29,Monitoring,Phase II,No,
50.621,103.773,20.24,142,Obs-142,G29,29,Subgroup 29,Monitoring,Phase II,No,
51.354,100.308,17.005,143,Obs-143,G29,29,Subgroup 29,Monitoring,Phase II,No,
50.965,101.43,19.358,144,Obs-144,G29,29,Subgroup 29,Monitoring,Phase II,No,
51.773,100.797,18.781,145,Obs-145,G29,29,Subgroup 29,Monitoring,Phase II,No,
52.314,102.173,18.15,146,Obs-146,G30,30,Subgroup 30,Monitoring,Phase II,No,
51.514,103.296,19.342,147,Obs-147,G30,30,Subgroup 30,Monitoring,Phase II,No,
52.223,102.194,18.913,148,Obs-148,G30,30,Subgroup 30,Monitoring,Phase II,No,
51.469,101.744,19.65,149,Obs-149,G30,30,Subgroup 30,Monitoring,Phase II,No,
51.768,103.629,20.221,150,Obs-150,G30,30,Subgroup 30,Monitoring,Phase II,No,
