Category,First value,Second value,Observation category,Observation value
Site 01,18.4,26.1,Site 01,19.7
Site 02,22.8,21.5,Site 01,21.6
Site 03,15.2,23.4,Site 01,24.8
Site 04,27.1,29.6,Site 02,22.4
Site 05,19.7,19.7,Site 02,21.9
Site 06,31.3,24.8,Site 03,16.8
Site 07,13.8,17.9,Site 03,19.5
Site 08,25.6,32.2,Site 03,22.1
Site 09,21.1,28.5,Site 04,27.8
Site 10,29.4,27.0,Site 04,28.9
Site 11,16.5,20.3,Site 04,30.1
Site 12,24.2,30.8,Site 05,19.7
Site 13,20.4,25.0,Site 05,19.7
Site 14,28.7,33.5,Site 06,30.0
Site 15,17.6,15.9,Site 06,27.9
Site 16,23.5,27.4,Site 06,25.7
Site 17,14.9,22.0,Site 07,14.6
Site 18,26.8,26.8,Site 07,16.1
,,,Site 07,17.2
,,,Site 08,27.3
,,,Site 08,29.5
,,,Site 08,31.1
,,,Site 09,22.6
,,,Site 09,25.4
,,,Site 09,27.8
,,,Site 10,28.9
,,,Site 10,27.8
,,,Site 11,17.4
,,,Site 11,18.9
,,,Site 11,19.8
,,,Site 12,25.7
,,,Site 12,27.6
,,,Site 12,29.4
,,,Site 13,21.3
,,,Site 13,23.2
,,,Site 13,24.4
,,,Site 14,30.1
,,,Site 14,31.7
,,,Site 14,32.8
,,,Site 15,17.2
,,,Site 15,16.6
,,,Site 16,24.6
,,,Site 16,25.9
,,,Site 16,27.0
,,,Site 17,16.2
,,,Site 17,18.5
,,,Site 17,20.7
,,,Site 18,26.8
,,,Site 18,26.8
