Observation,ProductionLine,CycleTimeSeconds
1,Line A,53.9
1,Line B,54.6
1,Line C,42.7
2,Line A,47.1
2,Line B,48.1
2,Line C,73.2
3,Line A,49.7
3,Line B,55.1
3,Line C,48.3
4,Line A,52.8
4,Line B,54.2
4,Line C,50.2
5,Line A,57.7
5,Line B,35.5
5,Line C,72.6
6,Line A,48.9
6,Line B,22.5
6,Line C,68.1
7,Line A,46.6
7,Line B,31.4
7,Line C,55.2
8,Line A,55.4
8,Line B,34.5
8,Line C,56.7
9,Line A,58.1
9,Line B,47.0
9,Line C,38.5
10,Line A,59.0
10,Line B,41.3
10,Line C,56.0
11,Line A,52.0
11,Line B,40.4
11,Line C,49.1
12,Line A,49.6
12,Line B,34.6
12,Line C,60.4
13,Line A,46.7
13,Line B,33.8
13,Line C,45.3
14,Line A,57.1
14,Line B,39.7
14,Line C,74.7
15,Line A,44.3
15,Line B,42.1
15,Line C,64.9
16,Line A,41.0
16,Line B,41.1
16,Line C,58.9
17,Line A,44.4
17,Line B,56.1
17,Line C,45.7
18,Line A,52.7
18,Line B,23.7
18,Line C,56.2
19,Line A,51.2
19,Line B,41.2
19,Line C,57.0
20,Line A,44.5
20,Line B,44.0
20,Line C,65.4
21,Line A,38.2
21,Line B,71.4
21,Line C,65.7
22,Line A,55.9
22,Line B,42.7
22,Line C,41.7
23,Line A,52.2
23,Line B,34.3
23,Line C,53.2
24,Line A,42.1
24,Line B,43.3
24,Line C,59.9
25,Line A,58.8
25,Line B,39.2
25,Line C,49.3
26,Line A,62.5
26,Line B,46.1
26,Line C,71.4
27,Line A,56.7
27,Line B,47.3
27,Line C,62.7
28,Line A,57.6
28,Line B,47.4
28,Line C,59.5
29,Line A,60.0
29,Line B,44.1
29,Line C,37.1
30,Line A,53.3
30,Line B,50.1
30,Line C,52.5
31,Line A,53.4
31,Line B,41.9
31,Line C,54.4
32,Line A,50.8
32,Line B,49.0
32,Line C,58.6
33,Line A,52.6
33,Line B,48.8
33,Line C,75.0
34,Line A,59.1
34,Line B,47.8
34,Line C,71.2
35,Line A,55.7
35,Line B,47.7
35,Line C,53.8
36,Line A,60.6
36,Line B,72.0
36,Line C,70.4
37,Line A,48.0
37,Line B,37.2
37,Line C,60.0
38,Line A,57.8
38,Line B,46.4
38,Line C,73.3
39,Line A,48.6
39,Line B,52.9
39,Line C,51.1
40,Line A,46.7
40,Line B,46.9
40,Line C,72.3
