Row ID,count,child,camper,persons,nofish,livebait,xb,Prediction,Raw Resid.,Deviance Resid.,Pearson Resid.,Laverage,Std Deviance Resid.,Std Pearson Resid.,Cook Distance
2,0,0,0,1,1,0,-0.896314561,0.100442854,-0.100442854,-0.445734097,-0.313451964,0.009286243,-0.447818221,-0.314917575,0.000132797
3,0,0,1,1,0,1,-0.55834496,0.341233052,-0.341233052,-0.811081631,-0.563209618,0.009193993,-0.814836079,-0.565816681,0.000424394
4,0,0,0,1,0,1,-0.401731014,0.245037636,-0.245037636,-0.690804534,-0.482075136,0.008417967,-0.693730606,-0.484117083,0.000284237
5,0,1,1,2,0,1,-0.956298113,0.055567667,-0.055567667,-0.332348428,-0.234287382,0.002676981,-0.332794168,-0.234601605,2.11044E-05
6,1,0,0,1,0,1,0.43689096,0.629796558,0.370203442,0.397790932,0.436943026,0.017472522,0.401312351,0.440811036,0.000493648
7,0,2,1,4,0,1,1.394485474,0.210428599,-0.210428599,-0.641344973,-0.448372252,0.011266198,-0.644988548,-0.450919521,0.000330977
8,0,1,0,3,0,1,0.184716746,0.127351719,-0.127351719,-0.501168245,-0.351923893,0.004771968,-0.502368321,-0.352766596,8.52416E-05
9,0,3,0,4,0,1,2.329106569,0.087733925,-0.087733925,-0.416870524,-0.293356243,0.008239792,-0.418598675,-0.294572361,0.00010299
10,0,2,1,3,1,0,0.188386485,0.03674451,-0.03674451,-0.270538209,-0.190911544,0.005069339,-0.271226552,-0.19139729,2.66644E-05
11,1,0,1,1,0,1,0.287689924,0.88438719,0.11561281,0.109692017,0.112398556,0.016640188,0.110616215,0.113345558,3.10568E-05
12,0,1,0,4,0,1,1.99095273,1.025101394,-1.025101394,-1.35911958,-0.913823523,0.021943235,-1.374281304,-0.924017726,0.002736523
13,0,2,1,3,0,1,1.317893147,0.183186629,-0.183186629,-0.599266197,-0.419557443,0.008888938,-0.601947505,-0.421434678,0.000227557
14,1,0,0,3,1,0,0.298041672,0.427884562,0.572115438,0.699744454,0.835826963,0.03286813,0.711535573,0.849911156,0.003507021
15,2,0,0,3,0,1,1.290873408,1.828998008,0.171001992,0.104574535,0.106635052,0.029320153,0.106142163,0.108233569,5.05494E-05
16,0,0,1,1,0,1,-0.06088984,0.597360167,-0.597360167,-1.059188281,-0.726237639,0.012874658,-1.066073177,-0.730958301,0.000995521
17,1,0,1,1,1,1,0.370049208,1.018575046,-0.018575046,-0.016681737,-0.016621443,0.035363024,-0.016984756,-0.016923367,1.4999E-06
18,0,1,0,4,0,1,1.979093432,1.011507961,-1.011507961,-1.350937327,-0.90886215,0.021794006,-1.365903575,-0.918930905,0.002687661
19,0,2,1,3,1,1,0.715337098,0.097592776,-0.097592776,-0.439432959,-0.309068494,0.006373086,-0.44083996,-0.310058087,8.80875E-05
20,1,1,1,2,0,1,1.516053081,0.898363469,0.101636531,0.095854295,0.097912326,0.015551506,0.096608442,0.098682665,2.19767E-05
21,0,1,0,3,0,1,-0.034895968,0.09945927,-0.09945927,-0.44357008,-0.311946767,0.004157977,-0.444495142,-0.31259733,5.8286E-05
22,1,1,0,4,0,1,1.178230286,0.410639328,0.589360672,0.730315232,0.880455487,0.013731728,0.735381716,0.886563553,0.001563334
23,5,0,1,4,0,1,1.642111778,4.754092604,0.245907396,0.077664915,0.078667548,0.052451024,0.079785512,0.080815521,5.16468E-05
24,0,1,1,2,0,1,0.597727358,0.319536695,-0.319536695,-0.785764362,-0.546234681,0.0074165,-0.788694481,-0.548271593,0.000320867
25,3,0,1,2,0,1,1.139723063,2.431835957,0.568164043,0.279553991,0.29360919,0.017981568,0.282101813,0.296285109,0.00022963
26,30,0,1,3,0,1,3.500297546,36.5333402,-6.533340198,-0.380562654,-0.358124326,0.060247832,-0.392572162,-0.369425741,0.001249926
27,0,0,1,2,0,1,-0.789978385,0.277066042,-0.277066042,-0.73332066,-0.510893833,0.008867135,-0.73659367,-0.513174091,0.000336576
28,13,0,1,4,0,1,2.662356138,14.99072974,-1.990729737,-0.257560938,-0.247155662,0.050951051,-0.264384319,-0.253703383,0.00049365
29,0,1,0,2,0,1,1.606172442,0.598587086,-0.598587086,-1.060210402,-0.726895673,0.013992047,-1.067706415,-0.732035048,0.001086342
30,0,0,0,1,0,1,0.01855018,0.393270013,-0.393270013,-0.868379646,-0.601409962,0.011986353,-0.873631256,-0.605047047,0.00063446
31,0,3,0,4,0,1,3.034559011,0.194103777,-0.194103777,-0.616503597,-0.431376461,0.017296384,-0.621905414,-0.435156191,0.000476129
32,0,0,0,1,0,1,0.051000755,0.407900814,-0.407900814,-0.883716726,-0.611582178,0.012330515,-0.889215976,-0.615387972,0.000675413
33,0,1,1,3,0,1,0.745258808,0.397567546,-0.397567546,-0.872917351,-0.604421944,0.009083564,-0.876909167,-0.607185941,0.000482797
34,11,0,1,4,0,1,2.453136683,11.84524543,-0.845245427,-0.13165473,-0.128910567,0.050889343,-0.135138172,-0.132321402,0.000134113
35,5,1,1,4,0,1,2.352706671,2.558548615,2.441451385,1.02783753,1.218943014,0.028638562,1.042879287,1.23678148,0.006442557
36,0,0,1,1,0,1,-1.108257532,0.183747589,-0.183747589,-0.60016497,-0.420174206,0.00645928,-0.602112727,-0.421537827,0.000165034
37,1,0,0,2,1,0,0.515419424,0.518591507,0.481408493,0.552930743,0.633053206,0.037962053,0.563734528,0.645422515,0.002348268
38,1,1,1,2,1,1,1.982768536,1.594771468,-0.594771468,-0.442834905,-0.404751804,0.045520355,-0.453271601,-0.41429096,0.00116937
39,7,1,1,4,1,1,2.066855907,1.946891042,5.053108958,2.146206542,3.026136991,0.052777597,2.205187559,3.109299835,0.07695287
40,0,1,1,3,1,1,0.095011771,0.20073388,-0.20073388,-0.626721766,-0.438372813,0.009719895,-0.629789986,-0.440518939,0.000272104
41,14,1,1,4,0,1,5.352674007,74.91231785,-60.91231785,-2.635897161,-1.676133018,0.15965486,-2.875408922,-1.828435458,0.090737264
42,0,0,1,1,0,1,-0.711813927,0.287095563,-0.287095563,-0.746080557,-0.519514028,0.00832277,-0.7492048,-0.521689515,0.000326305
43,32,0,1,4,0,1,3.484046221,37.80184212,-5.801842122,-0.324248019,-0.307923063,0.060310317,-0.334491512,-0.317650826,0.000925143
44,0,2,0,3,1,0,2.400906324,0.266944667,-0.266944667,-0.720186863,-0.502006962,0.030403801,-0.731391221,-0.509816971,0.001164307
45,1,0,1,4,1,0,0.376028478,0.817710679,0.182289321,0.178161817,0.185455946,0.07204164,0.184948319,0.192520294,0.000411065
46,0,2,0,4,1,1,1.085056424,0.093874132,-0.093874132,-0.43106705,-0.303245518,0.006535658,-0.432482646,-0.304241356,8.69912E-05
47,0,0,1,1,0,1,-1.067198753,0.192439218,-0.192439218,-0.613909213,-0.429598918,0.006630491,-0.61595465,-0.431030266,0.000177155
48,0,1,1,2,0,1,0.322997063,0.234539771,-0.234539771,-0.676222065,-0.472157665,0.006137373,-0.678306779,-0.473613273,0.000197882
49,1,0,0,1,0,1,0.501066327,0.676975508,0.323024492,0.338319818,0.366055835,0.018553955,0.341502765,0.369499724,0.000368723
50,5,1,1,2,0,1,2.011488438,1.569097295,3.430902705,1.754120484,2.358779271,0.025196436,1.776645851,2.389069305,0.021075674
51,0,1,0,2,0,1,0.95714736,0.28830084,-0.28830084,-0.747597515,-0.520537932,0.007466307,-0.750404137,-0.52249213,0.000293374
52,1,1,1,2,0,1,1.114434004,0.571632852,0.428367148,0.476036868,0.533722996,0.010975129,0.478670852,0.536676166,0.000456593
53,0,1,1,2,0,1,-0.673830032,0.07636759,-0.07636759,-0.389172203,-0.274033841,0.003216666,-0.389799635,-0.274475645,3.47308E-05
54,22,0,1,4,0,1,3.196705818,27.35546886,-5.355468858,-0.411225026,-0.385023996,0.05495763,-0.423013177,-0.396061071,0.001303176
55,0,0,0,2,1,0,-0.3863208,0.187932555,-0.187932555,-0.606824777,-0.424742612,0.015467918,-0.611573091,-0.42806616,0.000411269
56,15,0,1,3,0,1,2.718511581,15.15328039,-0.153280387,-0.018906074,-0.018849502,0.031950137,-0.019215535,-0.019158037,1.73053E-06
57,0,0,1,1,1,0,-1.269290566,0.109639465,-0.109639465,-0.465459986,-0.327161143,0.011124586,-0.468070814,-0.328996234,0.000173951
58,0,0,1,1,0,1,-1.087805986,0.188026717,-0.188026717,-0.606973714,-0.424844743,0.006544003,-0.608969534,-0.426241696,0.000170966
59,0,0,1,1,0,1,-0.984578311,0.211194834,-0.211194834,-0.64248528,-0.449151348,0.006988965,-0.64474227,-0.450729175,0.000204264
60,5,1,1,4,1,1,1.872467756,1.564275866,3.435724134,1.75858399,2.366671001,0.046940535,1.801370788,2.424252711,0.041350977
61,4,0,1,1,1,1,1.547955513,3.835505,0.164495,0.06109682,0.061728804,0.097332706,0.064306483,0.064971667,6.50251E-05
62,2,0,0,2,0,1,1.004094243,1.256754983,0.743245017,0.529115468,0.58623863,0.021444952,0.534881808,0.592627503,0.001099526
63,0,1,1,2,0,1,-0.165202618,0.135380442,-0.135380442,-0.516499826,-0.3625336,0.00445916,-0.517655269,-0.363344611,8.4476E-05
64,2,1,0,2,0,1,1.471645236,0.514472983,1.485527017,1.434652982,1.96207922,0.012188898,1.443477152,1.974147449,0.00686992
65,32,0,1,4,0,1,3.489336014,38.02760063,-6.027600633,-0.335584111,-0.318106198,0.060433463,-0.346208415,-0.328177166,0.00098962
66,0,3,0,4,0,1,1.885775805,0.053264952,-0.053264952,-0.325430509,-0.22943954,0.005251475,-0.326288384,-0.230044372,3.99111E-05
67,0,0,1,1,0,1,-2.272530079,0.049551534,-0.049551534,-0.313945821,-0.221387465,0.003014598,-0.314420104,-0.221721919,2.12354E-05
68,1,0,0,1,0,1,0.613840997,0.768606077,0.231393923,0.231424759,0.243945089,0.020646495,0.233851456,0.246503073,0.000183001
69,0,2,0,3,1,1,2.878997564,0.671059679,-0.671059679,-1.118521501,-0.764235105,0.035060614,-1.13866067,-0.777995288,0.003141777
70,0,0,1,1,1,1,-0.944848835,0.231842972,-0.231842972,-0.672419617,-0.469568939,0.011494484,-0.676317814,-0.472291156,0.000370537
71,0,1,1,2,0,1,0.820035219,0.410391001,-0.410391001,-0.886296196,-0.613290741,0.00871918,-0.890185536,-0.615982049,0.000476779
72,7,0,1,3,0,1,2.088183641,7.453589691,-0.453589691,-0.10370234,-0.1019721,0.023701706,-0.104953588,-0.103202471,3.69385E-05
73,0,3,0,4,0,1,2.16530633,0.072961275,-0.072961275,-0.380464778,-0.267952234,0.006966337,-0.381796966,-0.268890462,7.24592E-05
74,0,2,0,4,1,0,0.55752635,0.035321362,-0.035321362,-0.265268192,-0.187207284,0.004429111,-0.265857602,-0.187623247,2.23728E-05
75,0,2,1,3,0,1,-0.627695501,0.020501055,-0.020501055,-0.202259962,-0.142857195,0.001749126,-0.202437083,-0.142982296,5.11738E-06
76,0,0,1,1,1,0,-3.275050163,0.011466589,-0.011466589,-0.15134081,-0.106946137,0.001630165,-0.151464317,-0.107033413,2.67227E-06
77,0,0,0,2,0,1,0.307397574,0.573673145,-0.573673145,-1.039208805,-0.713351125,0.013458775,-1.046273435,-0.718200547,0.001005272
78,0,2,0,3,0,1,0.459303737,0.041955092,-0.041955092,-0.289001463,-0.203882198,0.002571348,-0.289373743,-0.20414483,1.53482E-05
79,0,0,1,1,1,1,-0.188099161,0.543422295,-0.543422295,-1.012979349,-0.69636537,0.021705161,-1.024155049,-0.704048025,0.001571085
80,0,1,0,2,0,1,-0.19742322,0.078600309,-0.078600309,-0.394772001,-0.277943151,0.002987461,-0.395363008,-0.278359256,3.31677E-05
81,2,0,0,4,0,1,0.901133239,1.242949877,0.757050123,0.541235455,0.601155033,0.042675845,0.553167594,0.614408166,0.002404025
82,3,1,1,4,0,1,2.22973752,2.227815173,0.772184827,0.394734791,0.423182103,0.02746877,0.400270541,0.429116797,0.000743
83,1,1,0,2,1,1,1.150078893,0.376054407,0.623945593,0.794723922,0.977487365,0.014420825,0.800516941,0.984612609,0.002026429
84,5,0,1,3,0,1,1.716530919,4.905461663,0.094538337,0.029389757,0.029532793,0.02263684,0.029728159,0.029872842,2.95267E-06
85,0,0,0,1,0,1,-0.465738386,0.228003884,-0.228003884,-0.666965388,-0.465853742,0.007992621,-0.669646874,-0.467726673,0.000251803
86,2,0,1,1,0,1,1.019573331,2.01571847,-0.01571847,-0.009217912,-0.009202202,0.03065573,-0.009362536,-0.009346581,3.94676E-07
87,1,1,0,3,1,0,1.867413759,0.605442903,0.394557097,0.429845843,0.476091203,0.0458351,0.440048974,0.487392048,0.001630173
88,0,1,0,4,1,0,0.714378536,0.174249,-0.174249,-0.584745084,-0.409585033,0.016089912,-0.589506872,-0.412920431,0.000398321
89,1,0,1,1,1,1,0.044008121,0.705675553,0.294324447,0.303692989,0.325778765,0.026547958,0.307806286,0.330191198,0.000424766
90,149,0,1,4,0,1,5.005039692,209.4418983,-60.44189834,-0.67576281,-0.606024979,0.137778096,-0.727754268,-0.652650988,0.009723555
91,0,2,1,3,0,1,2.461556435,0.66371755,-0.66371755,-1.112789677,-0.76058247,0.0262746,-1.127703267,-0.770775785,0.002290117
92,1,1,1,3,0,1,1.570416808,1.006459805,-0.006459805,-0.005828864,-0.00582148,0.013423139,-0.005868383,-0.005860949,6.67669E-08
93,0,0,0,2,0,1,-1.490852475,0.075783504,-0.075783504,-0.387693475,-0.27300128,0.004339086,-0.388537339,-0.273595502,4.66022E-05
94,0,0,1,3,0,1,-0.865133345,0.268294235,-0.268294235,-0.721953528,-0.503203184,0.013083897,-0.726723368,-0.506527773,0.000485921
95,1,1,0,2,0,1,0.833803177,0.250927382,0.749072618,1.074616317,1.45538916,0.006698105,1.078233445,1.460287958,0.002054233
96,0,2,0,4,0,1,2.208499908,0.316710374,-0.316710374,-0.782397498,-0.543972943,0.01405665,-0.787955102,-0.547836946,0.000611272
97,0,1,1,3,0,1,1.633207917,1.080170726,-1.080170726,-1.391576071,-0.933411957,0.013864146,-1.401324057,-0.939950505,0.001774469
98,0,2,0,4,0,1,1.524009705,0.14656944,-0.14656944,-0.537094981,-0.37676368,0.007775615,-0.53919536,-0.378237062,0.00016016
99,2,0,0,4,1,0,2.491374731,5.32505784,-3.32505784,-1.205963981,-0.975440454,0.209354003,-1.356261078,-1.097007823,0.045521923
100,2,0,1,2,0,1,1.084769011,2.2859647,-0.2859647,-0.158589731,-0.154047915,0.01755075,-0.160000006,-0.155417801,6.16437E-05
101,29,0,0,4,0,1,3.59467721,25.77599907,3.224000933,0.236069726,0.244929358,0.104488093,0.249462123,0.258824368,0.001116626
102,3,0,1,1,0,1,1.128834605,2.279518802,0.720481198,0.364670474,0.388852986,0.033822579,0.370998505,0.395600649,0.000782647
103,0,0,1,2,1,0,-0.385939926,0.312297543,-0.312297543,-0.777107548,-0.540417335,0.026757606,-0.787717725,-0.547795881,0.001178598
104,0,2,0,4,0,1,2.21350956,0.318501367,-0.318501367,-0.78453293,-0.545407565,0.014119599,-0.790130927,-0.549299294,0.000617331
105,5,0,0,3,1,0,2.518778086,5.211377232,-0.211377232,-0.063715517,-0.063048039,0.206076712,-0.071508215,-0.070759102,0.000185659
106,0,0,1,2,0,1,0.011589484,0.683024961,-0.683024961,-1.12778288,-0.770128662,0.012213231,-1.13473355,-0.774875062,0.001060554
107,0,1,0,4,0,1,3.29880619,4.468092108,-4.468092108,-2.491623945,-1.497725455,0.049587806,-2.555797823,-1.536300639,0.017592083
108,0,0,1,1,0,1,-0.258302957,0.478331715,-0.478331715,-0.953521966,-0.657583775,0.011227179,-0.958920145,-0.661306557,0.000709385
109,0,1,0,3,0,1,0.931161046,0.295060082,-0.295060082,-0.756041302,-0.526233693,0.007600707,-0.758931009,-0.52824504,0.00030531
110,0,1,1,4,0,1,3.234340668,6.902206612,-6.902206612,-2.893210584,-1.650993731,0.041373788,-2.954985779,-1.686245386,0.017531517
111,1,1,1,4,0,1,0.566562116,0.342627098,0.657372902,0.86145691,1.082637344,0.013825893,0.867474588,1.090200071,0.002380422
112,7,0,1,1,0,1,1.974095106,5.902771445,1.097228555,0.283838348,0.297119899,0.072771943,0.294766271,0.30855917,0.001067471
113,1,0,1,2,0,1,0.109922774,0.762970315,0.237029685,0.237705561,0.250941882,0.012620015,0.239219833,0.252540474,0.00011645
114,0,0,0,1,0,1,-1.052196026,0.11782771,-0.11782771,-0.482313396,-0.338857418,0.005060668,-0.483538461,-0.339718109,8.38592E-05
115,2,1,0,4,1,0,1.193210363,0.298711063,1.701288937,1.913446719,3.014468405,0.025414506,1.938234868,3.053519972,0.034734833
116,0,2,0,3,0,1,0.351580232,0.037164057,-0.037164057,-0.272072032,-0.191989495,0.002346619,-0.27239182,-0.192215155,1.24148E-05
117,2,0,0,2,1,1,1.180063128,1.60828516,0.39171484,0.252792899,0.265152564,0.050966557,0.259492083,0.272179287,0.00056835
118,0,1,0,2,0,1,0.442351252,0.161504062,-0.161504062,-0.563340667,-0.394859816,0.004841996,-0.564709487,-0.395819256,0.0001089
119,0,1,0,4,0,1,0.339507729,0.159751109,-0.159751109,-0.560328036,-0.392784864,0.008199937,-0.562639589,-0.394405242,0.000183727
120,0,1,1,3,1,0,0.368057549,0.185986109,-0.185986109,-0.603737148,-0.422624982,0.01783745,-0.609194836,-0.426445445,0.000471822
121,1,2,1,3,1,1,2.431215048,0.673347432,0.326652568,0.342777505,0.371293139,0.033542326,0.348675068,0.37768132,0.000707234
122,0,1,0,2,0,1,-0.267399877,0.072646646,-0.072646646,-0.379650099,-0.267383057,0.002840018,-0.380190357,-0.267763554,2.91717E-05
123,0,0,0,1,1,1,-0.36659652,0.267606799,-0.267606799,-0.721054236,-0.502594298,0.013644509,-0.726024371,-0.506058617,0.00050609
124,0,3,1,4,1,0,1.48165834,0.040154411,-0.040154411,-0.282759633,-0.199498492,0.007527195,-0.283829872,-0.200253589,4.34487E-05
125,0,0,0,1,0,1,-0.620765746,0.191494278,-0.191494278,-0.612431127,-0.428585995,0.007062404,-0.614605267,-0.430107482,0.000187969
126,0,3,1,4,1,0,1.59366858,0.045550214,-0.045550214,-0.301069639,-0.212354051,0.008490193,-0.302355905,-0.213261295,5.56348E-05
127,3,1,0,4,0,1,2.824294329,2.61910528,0.38089472,0.18131707,0.187157347,0.036222845,0.184692975,0.190641992,0.000195139
128,4,0,1,1,0,1,1.487538576,3.413490256,0.586509744,0.230313993,0.239440503,0.046954054,0.235919264,0.245267891,0.000423392
129,3,0,1,3,0,1,1.139073014,2.560853151,0.439146849,0.211167471,0.219118353,0.022734554,0.213609591,0.221652423,0.000163275
130,3,0,0,2,0,1,1.415821791,1.997685564,1.002314436,0.536643858,0.590253054,0.029214049,0.544658671,0.599068524,0.001542848
131,8,0,1,4,0,1,2.172077894,8.632688749,-0.632688749,-0.128743735,-0.126095081,0.051473805,-0.132190864,-0.129471292,0.000129953
132,2,0,1,3,1,0,0.818082452,1.276242888,0.723757112,0.512193852,0.565536538,0.08504188,0.535468285,0.591234899,0.00464145
133,1,0,1,1,1,1,0.332590669,0.97651992,0.02348008,0.021439717,0.021540415,0.034211909,0.021816151,0.021918617,2.43122E-06
134,6,0,0,4,0,1,1.856842756,3.644687908,2.355312092,0.804987662,0.917255962,0.061628341,0.831001453,0.946897788,0.008412281
135,0,2,1,4,1,1,0.593688667,0.089684415,-0.089684415,-0.421434075,-0.296536284,0.007118197,-0.422942056,-0.297597354,9.07053E-05
136,0,1,1,2,0,1,0.061764006,0.174787549,-0.174787549,-0.585631062,-0.41019389,0.005164105,-0.587149074,-0.411257152,0.000125422
137,5,0,0,4,1,1,1.984782338,4.418687123,0.581312877,0.19040616,0.196486807,0.121051546,0.203095028,0.209580895,0.000864196
138,3,1,1,4,0,1,1.963856339,1.651584809,1.348415191,0.78010478,0.897527717,0.025113791,0.790088928,0.909014699,0.0030409
139,31,1,0,3,0,1,3.72607255,6.858461925,24.14153808,3.553481393,5.804132999,0.080769193,3.706310161,6.053758198,0.460016357
140,0,1,1,2,0,1,0.349324912,0.241594526,-0.241594526,-0.686059449,-0.478849839,0.006247204,-0.688212519,-0.48035262,0.000207219
141,2,0,0,2,0,1,0.704055548,0.896549239,1.103450761,0.889393745,1.064271386,0.017414357,0.89724049,1.073661002,0.002918592
142,0,3,1,4,1,1,1.569243789,0.065038584,-0.065038584,-0.359370428,-0.253205338,0.007180757,-0.360667695,-0.254119366,6.67233E-05
143,0,1,1,2,0,1,0.781064868,0.392777716,-0.392777716,-0.867858067,-0.601063627,0.008469645,-0.871556804,-0.603625309,0.000444627
144,0,0,0,3,1,0,0.139555037,0.357972016,-0.357972016,-0.830012265,-0.575864471,0.028418055,-0.842063402,-0.584225578,0.001426192
145,0,1,1,3,0,1,1.541620493,0.974359248,-0.974359248,-1.328214116,-0.895035405,0.013228891,-1.337087654,-0.901014961,0.001554794
146,0,0,0,1,1,1,0.071873553,0.438376201,-0.438376201,-0.914698111,-0.63205974,0.02066526,-0.924298402,-0.638693576,0.001229693
147,0,0,0,2,0,1,0.746514857,0.940439238,-0.940439238,-1.306982549,-0.882052657,0.017920687,-1.318853352,-0.890063991,0.002065154
148,6,0,1,4,1,1,1.925082445,6.862601922,-0.862601922,-0.214705342,-0.207287304,0.123044569,-0.229273621,-0.221352251,0.000982098
149,9,0,0,3,0,1,2.214212179,5.171246596,3.828753404,0.98448668,1.148809832,0.045964864,1.007923707,1.176158791,0.009521283
150,0,2,1,3,1,0,-0.599701524,0.015133136,-0.015133136,-0.173826199,-0.122810702,0.002283927,-0.174025043,-0.122951188,4.94359E-06
151,0,1,1,2,1,0,-2.107331038,0.010879215,-0.010879215,-0.147418445,-0.104177754,0.001489235,-0.147528339,-0.104255413,2.31585E-06
152,0,0,1,1,0,1,-2.490455389,0.03877238,-0.03877238,-0.277872187,-0.196065083,0.002594923,-0.278233418,-0.196319966,1.43246E-05
153,0,1,1,2,0,1,-0.070476264,0.150613434,-0.150613434,-0.544335139,-0.381760034,0.004739739,-0.545629746,-0.382667984,9.9624E-05
154,0,0,0,1,0,1,-0.233503744,0.296122991,-0.296122991,-0.757359469,-0.527122317,0.009669723,-0.761047969,-0.529689513,0.000391362
155,2,0,0,2,0,1,2.148858786,4.559093555,-2.559093555,-1.010017884,-0.844941972,0.053351435,-1.038089201,-0.868425352,0.006071895
156,15,0,0,3,0,1,3.173754692,15.22915374,-0.229153743,-0.028181218,-0.028055576,0.081685043,-0.029407894,-0.029276783,1.08918E-05
157,1,0,1,1,0,1,0.676705837,1.370301657,-0.370301657,-0.294440628,-0.276998521,0.022753983,-0.297848749,-0.280204751,0.00026116
158,2,0,1,2,1,1,0.903368711,1.956496121,0.043503879,0.025845446,0.025969655,0.047118486,0.026476745,0.026603988,4.99975E-06
159,3,1,1,3,0,1,2.121471882,1.871476584,1.128523416,0.620777754,0.693381634,0.01845926,0.626587866,0.699871275,0.001315965
160,0,0,1,1,1,1,-1.680656552,0.101271693,-0.101271693,-0.447549172,-0.314714265,0.006353974,-0.448977842,-0.315718898,9.10577E-05
161,65,0,1,4,0,1,4.26848793,91.4100547,-26.4100547,-0.666532333,-0.598640929,0.089362726,-0.69847121,-0.627326588,0.005516966
162,5,0,1,3,0,1,1.759671211,5.149551251,-0.149551251,-0.045356187,-0.045017478,0.022677652,-0.045879389,-0.045536772,6.87364E-06
163,0,0,0,1,0,1,0.007159876,0.388259942,-0.388259942,-0.863054389,-0.597872697,0.011868276,-0.868221916,-0.601452452,0.000620694
164,0,2,1,3,1,1,3.533810616,2.329444858,-2.329444858,-1.937839331,-1.239134491,0.099683655,-2.042303112,-1.305932946,0.026975688
165,0,1,0,4,0,1,1.902828455,0.928296092,-0.928296092,-1.299264837,-0.877318312,0.020859999,-1.313031934,-0.886614434,0.00239244
166,0,2,0,4,0,1,2.054314375,0.266248628,-0.266248628,-0.719273816,-0.501388631,0.01226296,-0.723725009,-0.504491452,0.000451402
167,1,0,0,1,1,1,0.132048607,0.469098513,0.530901487,0.630340963,0.737685316,0.021899878,0.637358636,0.745898068,0.001779587
168,8,1,1,4,0,1,2.844588757,4.450967437,3.549032563,1.016141468,1.193077754,0.034433147,1.034101102,1.21416462,0.0075102
169,0,0,1,3,0,1,-0.150227517,0.59992801,-0.59992801,-1.061326092,-0.727613809,0.018070091,-1.071047167,-0.734278291,0.001417435
170,0,2,1,3,0,1,0.377593964,0.06356536,-0.06356536,-0.355305675,-0.250361525,0.003969883,-0.356013043,-0.250859963,3.58319E-05
171,0,3,1,4,0,1,1.461001873,0.054848853,-0.054848853,-0.330204867,-0.232785445,0.005922626,-0.331187072,-0.233477873,4.63967E-05
172,2,0,1,3,0,1,0.951952934,2.074480857,-0.074480857,-0.043131667,-0.042789603,0.022648631,-0.04362856,-0.043282555,6.20182E-06
173,4,1,1,2,0,1,1.531072855,0.913681071,3.086318929,2.035768869,2.944030712,0.015768175,2.052011389,2.967519861,0.020154556
174,5,0,0,4,1,1,1.716095209,3.26545168,1.73454832,0.655797189,0.730860791,0.1067721,0.693886456,0.773309817,0.010211852
175,9,0,0,2,0,1,2.242041826,5.063278622,3.936721378,1.022707859,1.200449097,0.057678945,1.053542709,1.236642881,0.013372388
176,0,2,0,4,0,1,3.389037609,1.196129469,-1.196129469,-1.456582105,-0.972196062,0.042242598,-1.488357333,-0.993404445,0.006217979
177,0,0,0,2,0,1,-0.457464665,0.242524214,-0.242524214,-0.687344257,-0.479723314,0.008392361,-0.69024676,-0.481749079,0.0002806
178,0,0,1,2,0,1,-0.263669461,0.501041729,-0.501041729,-0.97476715,-0.671484623,0.01106776,-0.980206588,-0.675231671,0.000728955
179,0,0,0,1,0,1,-0.71243757,0.172719452,-0.172719452,-0.582220883,-0.407850081,0.006571452,-0.584143382,-0.409196806,0.000158231
180,21,0,1,2,1,1,3.053916931,22.01875653,-1.018756528,-0.090768661,-0.08947367,0.177191008,-0.100065971,-0.098638336,0.00029932
181,0,0,0,1,0,1,-2.708276749,0.018266624,-0.018266624,-0.190943387,-0.134880884,0.001472711,-0.191084145,-0.134980314,3.83884E-06
182,6,0,1,3,0,1,1.872051477,5.843962685,0.156037315,0.042293245,0.042586099,0.022868422,0.042785291,0.043081552,6.20537E-06
183,0,1,0,2,0,1,0.169749007,0.118828201,-0.118828201,-0.484330444,-0.3402562,0.003919893,-0.485282506,-0.340925051,6.53431E-05
184,0,0,1,2,1,0,-0.348856091,0.325609687,-0.325609687,-0.792943882,-0.551054281,0.027717784,-0.804167064,-0.558853801,0.001271934
185,0,1,1,2,0,1,0.240219221,0.213673097,-0.213673097,-0.646158378,-0.451660283,0.005807091,-0.648042739,-0.452977439,0.000171216
186,0,1,0,3,1,1,2.40387702,1.625356931,-1.625356931,-1.666027571,-1.092889193,0.045129049,-1.704942919,-1.118417079,0.008445416
187,16,1,1,4,0,1,2.988574505,5.234112768,10.76588723,2.285531599,3.200445205,0.036676943,2.328634098,3.260801923,0.057832501
188,0,2,0,3,1,0,0.005257762,0.018000645,-0.018000645,-0.189550922,-0.133899225,0.002265658,-0.189766016,-0.134051168,5.82938E-06
189,0,2,1,3,0,1,0.400785357,0.065246591,-0.065246591,-0.359940532,-0.253604143,0.004046972,-0.360671085,-0.25411887,3.74858E-05
190,4,0,1,4,1,1,1.592312098,4.718578577,-0.718578577,-0.240737441,-0.231185727,0.11160257,-0.255411233,-0.245277308,0.001079652
191,2,1,1,2,0,1,1.022531271,0.515453801,1.484546199,1.432882617,1.958725988,0.010192378,1.440241156,1.968784985,0.005701948
192,10,0,1,3,0,1,2.377341747,10.32102625,-0.321026249,-0.055573668,-0.055081641,0.026197384,-0.056316233,-0.055817632,1.19738E-05
193,0,0,1,1,1,0,-2.112927198,0.042417783,-0.042417783,-0.290583279,-0.204992916,0.004867535,-0.291293084,-0.20549365,2.95071E-05
194,0,0,1,1,0,1,-0.557507157,0.341555008,-0.341555008,-0.81145053,-0.563456535,0.009199027,-0.815208757,-0.566066179,0.000425003
195,0,0,0,1,1,0,-1.276221037,0.06549355,-0.06549355,-0.360616196,-0.254076773,0.006296093,-0.361756822,-0.254880415,5.88016E-05
196,2,0,1,2,1,0,1.060786009,1.591522756,0.408477244,0.264747315,0.278333206,0.102710375,0.279489336,0.293831734,0.001411826
197,1,0,1,2,1,1,0.409971446,1.122735719,-0.122735719,-0.106010756,-0.103636008,0.033580793,-0.107836841,-0.105421186,5.51675E-05
198,3,0,0,1,0,1,1.472747684,2.021099325,0.978900675,0.521556805,0.572087073,0.048164909,0.534589914,0.586382875,0.002485613
199,0,1,1,3,0,1,1.122244954,0.607720394,-0.607720394,-1.067780766,-0.731765693,0.010823283,-1.073606547,-0.735758185,0.000846169
200,0,2,1,4,0,1,2.242376328,0.546516681,-0.546516681,-1.015700764,-0.698131264,0.022410524,-1.027276894,-0.706087996,0.001632733
201,21,0,1,2,0,1,3.163843393,23.73792338,-2.737923382,-0.232905054,-0.224431471,0.087365557,-0.243798195,-0.234928295,0.000754772
202,0,1,0,2,0,1,-0.585306764,0.050793026,-0.050793026,-0.317832678,-0.224113145,0.002262773,-0.318192881,-0.224367135,1.63097E-05
203,0,0,0,2,0,1,-0.015607119,0.398805306,-0.398805306,-0.874219181,-0.605285688,0.011008843,-0.879071351,-0.6086452,0.000589087
204,2,0,1,1,1,0,0.834488332,1.170623198,0.829376802,0.606626714,0.682938811,0.094475493,0.637487138,0.717681399,0.007676872
205,0,1,1,2,1,0,-1.268876076,0.027956538,-0.027956538,-0.236093824,-0.166685665,0.003313441,-0.23648594,-0.166962505,1.32392E-05
206,3,1,1,4,0,1,2.757081985,4.033443584,-1.033443584,-0.400470386,-0.373767818,0.033217954,-0.407292224,-0.380134788,0.000709286
207,0,1,1,3,0,1,1.703949213,1.169701072,-1.169701072,-1.442139937,-0.963631974,0.014392594,-1.452631391,-0.97064232,0.001965421
208,38,0,1,4,0,1,3.765002489,51.86338115,-13.86338115,-0.599279472,-0.544200318,0.068168045,-0.620812713,-0.563754461,0.003321431
209,0,3,1,4,1,1,2.719051123,0.237281664,-0.237281664,-0.680064099,-0.474772215,0.023221828,-0.688100504,-0.480382659,0.000783749
210,0,0,1,1,0,1,-0.154021844,0.537907856,-0.537907856,-1.008107199,-0.693201852,0.012061466,-1.01424238,-0.697420569,0.000848324
211,0,0,0,1,0,1,-0.411525637,0.242350885,-0.242350885,-0.687104921,-0.479560611,0.008351185,-0.689992087,-0.481575691,0.000279011
212,1,0,1,1,0,1,0.531122029,1.163178322,-0.163178322,-0.138926892,-0.134884741,0.020170848,-0.140349587,-0.136266043,5.46073E-05
213,3,0,0,1,0,1,1.340306163,1.741175279,1.258824721,0.713067898,0.810179835,0.042223598,0.728616193,0.827845635,0.004316103
214,0,0,1,1,0,1,-1.562050104,0.110250683,-0.110250683,-0.466740088,-0.328050079,0.004829229,-0.467871184,-0.328845074,7.49661E-05
215,1,0,0,2,0,1,0.225383952,0.523084033,0.476915967,0.546189407,0.624167545,0.012782835,0.54971416,0.628195518,0.000729972
216,0,2,0,4,1,1,4.502663612,4.398172822,-4.398172822,-2.477440155,-1.491784189,0.152857177,-2.691688844,-1.620793483,0.067715256
217,0,1,0,2,1,0,0.162199765,0.084274588,-0.084274588,-0.408646517,-0.287622929,0.00767892,-0.410224593,-0.288733647,9.21605E-05
218,0,2,0,4,0,1,3.047013521,0.813910787,-0.813910787,-1.223266543,-0.830276707,0.030497059,-1.242357347,-0.843234349,0.003195269
219,0,1,0,3,0,1,1.630753398,0.648503215,-0.648503215,-1.100790901,-0.752923546,0.01220653,-1.107571458,-0.75756134,0.001013126
220,5,2,1,4,0,1,1.983255029,0.408253362,4.591746638,3.53674757,6.881371182,0.01811029,3.569214999,6.944542337,0.127072597
221,0,2,0,4,0,1,3.877111435,2.071940281,-2.071940281,-1.84639978,-1.191299026,0.066889099,-1.911433126,-1.233258607,0.015575154
222,0,1,0,4,1,0,1.58475554,0.46415336,-0.46415336,-0.93996429,-0.648688165,0.037024396,-0.957863693,-0.661040902,0.002400111
223,2,0,0,3,0,1,1.701143265,2.902532848,-0.902532848,-0.447874631,-0.41312452,0.035439749,-0.456028287,-0.420645543,0.000928744
224,0,1,1,2,1,1,-0.170604989,0.141254888,-0.141254888,-0.527419154,-0.370081442,0.00649217,-0.529139583,-0.371288639,0.00012869
225,0,0,1,1,0,1,-0.49698019,0.3656367,-0.3656367,-0.838516593,-0.581538723,0.00957133,-0.842558491,-0.584341911,0.000471395
226,0,1,0,2,0,1,1.218269944,0.386810189,-0.386810189,-0.861506269,-0.596843858,0.009502312,-0.865628823,-0.599699927,0.000492885
227,1,0,1,2,0,1,0.037536614,0.703268314,0.296731686,0.306555042,0.32908093,0.012320609,0.308461146,0.331127096,0.000195392
228,4,1,1,3,1,1,1.523244143,1.001899658,2.998100342,1.918772183,2.709105838,0.02774078,1.945953143,2.747482513,0.030768649
229,0,0,0,1,1,1,-0.907698154,0.145537531,-0.145537531,-0.535230804,-0.375476704,0.008343805,-0.537477806,-0.377053028,0.000170887
230,0,2,1,3,0,1,2.331376553,0.573249597,-0.573249597,-1.038847199,-0.713117478,0.023094844,-1.051055072,-0.721497582,0.001758063
231,2,1,1,2,0,1,1.068086028,0.542574748,1.457425252,1.384966643,1.869224225,0.010570419,1.392345028,1.879182484,0.005389484
232,3,0,1,1,0,1,1.40126574,3.097586604,-0.097586604,-0.043001513,-0.042681625,0.043379364,-0.043965687,-0.043638627,1.23364E-05
233,0,2,0,4,1,1,3.930421829,2.309548173,-2.309548173,-1.931049768,-1.235631155,0.094489734,-2.02930244,-1.298500619,0.025134921
234,0,1,0,3,0,1,0.196246982,0.129015374,-0.129015374,-0.504385627,-0.354151516,0.0048064,-0.505602154,-0.355005693,8.69531E-05
235,0,0,0,2,0,1,0.029527381,0.419590177,-0.419590177,-0.895749616,-0.619546802,0.011319343,-0.900862713,-0.623083285,0.000634979
236,0,0,0,2,1,0,-0.766901433,0.122448068,-0.122448068,-0.491555581,-0.345264808,0.01068478,-0.494202896,-0.347124261,0.00018591
237,1,0,1,1,0,1,0.661188662,1.346574791,-0.346574791,-0.277625553,-0.262053734,0.022459385,-0.280796721,-0.265047034,0.000230574
238,2,0,1,2,0,1,1.015074015,2.113481875,-0.113481875,-0.065179338,-0.064400927,0.017047152,-0.065742105,-0.064956973,1.04538E-05
239,0,0,1,1,0,1,-1.046668053,0.196938303,-0.196938303,-0.62089445,-0.434383774,0.006717797,-0.622990538,-0.435850218,0.00018354
240,6,0,1,3,0,1,1.9380548,6.294680918,-0.294680918,-0.076816229,-0.075857936,0.023049469,-0.07771712,-0.076747588,1.98527E-05
241,4,0,1,2,0,1,1.724750519,4.698182966,-0.698182966,-0.234422319,-0.225360264,0.025394503,-0.237456755,-0.228277398,0.000193972
242,1,0,1,2,0,1,0.602655232,1.328568943,-0.328568943,-0.264704697,-0.250502649,0.014738603,-0.266677216,-0.252369338,0.000136107
243,1,2,1,4,0,1,2.413781643,0.662821167,0.337178833,0.355816651,0.386682433,0.025839306,0.360504729,0.391777185,0.000581608
244,0,0,0,2,1,0,-1.20076859,0.075136729,-0.075136729,-0.386049209,-0.271853011,0.007067519,-0.387420688,-0.272818797,7.56829E-05
245,1,1,1,3,0,1,1.963849306,1.567217455,-0.567217455,-0.425573862,-0.390261771,0.016697453,-0.429171985,-0.393561338,0.000375742
246,0,0,0,3,0,1,-0.291065693,0.308225695,-0.308225695,-0.772189866,-0.537109753,0.01326088,-0.777361316,-0.540706842,0.000561301
247,0,0,1,2,1,1,-0.755235732,0.302451745,-0.302451745,-0.765155102,-0.532374596,0.014900016,-0.770920017,-0.536385671,0.000621674
248,0,3,1,4,0,1,1.794859171,0.079868684,-0.079868684,-0.397916868,-0.280138004,0.008207772,-0.399559996,-0.281294784,9.3547E-05
249,0,1,1,2,0,1,-0.392648846,0.104801356,-0.104801356,-0.455194171,-0.320029127,0.003853821,-0.456073833,-0.320647583,5.68233E-05
250,0,2,1,3,1,1,1.374640584,0.204985806,-0.204985806,-0.633180527,-0.442791261,0.011764661,-0.636938293,-0.445419115,0.000337411
251,0,1,1,2,1,1,0.828834116,0.43509871,-0.43509871,-0.911425801,-0.629901388,0.015172962,-0.918420009,-0.634735201,0.000886743
