Row ID,APPLY,PARED,PUBLIC,GPA,FittedMean: cat=1,FittedMean: cat=2,FittedMean: cat=3,FittedProb: cat=1,FittedProb: cat=2,FittedProb: cat=3,ResponseResidual: cat=1,ResponseResidual: cat=2,ResponseResidual: cat=3,PearsonResidual: cat=1,PearsonResidual: cat=2,PearsonResidual: cat=3,StdPearsonResidual: cat=1,StdPearsonResidual: cat=2,StdPearsonResidual: cat=3,DevianceResiduals,StdDevianceResiduals,Leverage
2,3,0,0,3.259999991,0.548841722,0.359323565,0.091834713,0.548841722,0.359323565,0.091834713,-0.548841722,-0.359323565,0.908165287,-1.102958302,-0.748899386,3.144698491,-1.10477943,-0.750135916,3.149890798,2.185298568,2.18890678,0.0032941
3,2,1,0,3.210000038,0.305575931,0.475946351,0.218477718,0.305575931,0.475946351,0.218477718,-0.305575931,0.524053649,-0.218477718,-0.663356806,1.04932223,-0.528728709,-0.673538875,1.065428603,-0.53684433,1.218564843,1.237268973,0.030006009
4,1,1,1,3.940000057,0.229401065,0.478197223,0.292401713,0.229401065,0.478197223,0.292401713,0.770598935,-0.478197223,-0.292401713,1.832805957,-0.957305009,-0.642830641,1.856402738,-0.96963,-0.651106877,1.715974028,1.738066636,0.025260479
5,2,0,0,2.809999943,0.616111905,0.312696101,0.071191994,0.616111905,0.312696101,0.071191994,-0.616111905,0.687303899,-0.071191994,-1.266856659,1.482563047,-0.276855148,-1.273593851,1.490447374,-0.278327474,1.52481047,1.53291947,0.010551829
6,2,0,0,2.529999971,0.655992599,0.283406491,0.06060091,0.655992599,0.283406491,0.06060091,-0.655992599,0.716593509,-0.06060091,-1.380910643,1.590125999,-0.253988764,-1.390135083,1.600747991,-0.255685401,1.58800066,1.598608455,0.013227254
7,1,0,1,2.589999914,0.660881379,0.279743469,0.059375152,0.660881379,0.279743469,0.059375152,0.339118621,-0.279743469,-0.059375152,0.716331519,-0.623212815,-0.2512431,0.724774777,-0.630558502,-0.254204452,0.910143847,0.920871533,0.023163274
8,2,0,0,2.559999943,0.651812083,0.28652683,0.061661088,0.651812083,0.28652683,0.061661088,-0.651812083,0.71347317,-0.061661088,-1.368215025,1.57799701,-0.256345517,-1.377069375,1.588208956,-0.258004447,1.581090194,1.591322157,0.012818358
9,2,0,0,2.730000019,0.627694105,0.304303118,0.068002776,0.627694105,0.304303118,0.068002776,-0.627694105,0.695696882,-0.068002776,-1.298446527,1.512017533,-0.270119547,-1.305674783,1.520434707,-0.271623262,1.542550469,1.551137616,0.011041415
10,1,0,0,3,0.588092583,0.332580678,0.07932674,0.588092583,0.332580678,0.07932674,0.411907417,-0.332580678,-0.07932674,0.836906528,-0.705909651,-0.29353307,0.838303567,-0.707088018,-0.294023062,1.03040855,1.0321286,0.003330237
11,2,1,0,3.5,0.269049415,0.480459215,0.250491369,0.269049415,0.480459215,0.250491369,-0.269049415,0.519540785,-0.250491369,-0.606697238,1.03987601,-0.578106782,-0.617383473,1.058192164,-0.588289431,1.210795552,1.232122245,0.034318222
12,1,1,1,3.650000095,0.26247775,0.480654797,0.256867452,0.26247775,0.480654797,0.256867452,0.73752225,-0.480654797,-0.256867452,1.676259746,-0.962029918,-0.587924282,1.696753987,-0.973791862,-0.595112346,1.635597115,1.655594208,0.024011108
13,2,0,0,2.839999914,0.611733594,0.315843235,0.072423172,0.611733594,0.315843235,0.072423172,-0.611733594,0.684156765,-0.072423172,-1.255209615,1.47177704,-0.279424077,-1.261807213,1.479512954,-0.280892778,1.518228758,1.526208831,0.01043004
14,3,0,1,3.900000095,0.465205646,0.41089826,0.123896095,0.465205646,0.41089826,0.123896095,-0.465205646,-0.41089826,0.876103905,-0.932672306,-0.835164447,2.659187738,-0.939087394,-0.840908858,2.677478109,2.043679041,2.057735832,0.013615722
15,2,0,0,2.680000067,0.634860172,0.299062538,0.06607729,0.634860172,0.299062538,0.06607729,-0.634860172,0.700937462,-0.06607729,-1.318588968,1.530941616,-0.265993267,-1.326212749,1.539793171,-0.26753118,1.553771264,1.562754815,0.011464025
16,1,1,0,3.569999933,0.260657699,0.480672003,0.258670298,0.260657699,0.480672003,0.258670298,0.739342301,-0.480672003,-0.258670298,1.684176096,-0.962063074,-0.59070083,1.697384483,-0.969608189,-0.595333484,1.639845865,1.652706586,0.01550267
17,1,0,0,3.089999914,0.57460598,0.34192443,0.08346959,0.57460598,0.34192443,0.08346959,0.42539402,-0.34192443,-0.08346959,0.860420243,-0.720820586,-0.301780172,0.861983015,-0.722129805,-0.302328292,1.052682977,1.054594954,0.003622706
18,1,0,1,3.5,0.526698496,0.373760935,0.099540569,0.526698496,0.373760935,0.099540569,0.473301504,-0.373760935,-0.099540569,0.947955396,-0.772550496,-0.332481883,0.957866922,-0.780628043,-0.335958209,1.132366556,1.144206227,0.020587924
19,1,0,0,2.170000076,0.704153319,0.246702263,0.049144418,0.704153319,0.246702263,0.049144418,0.295846681,-0.246702263,-0.049144418,0.648186132,-0.572272972,-0.227342074,0.651981271,-0.575623639,-0.228673165,0.837566909,0.842470876,0.011607984
20,3,0,1,3.359999895,0.548125586,0.359798242,0.092076172,0.548125586,0.359798242,0.092076172,-0.548125586,-0.359798242,0.907923828,-1.101364723,-0.74967165,3.140154958,-1.105908344,-0.75276438,3.153109499,2.184096651,2.193107025,0.008200114
21,2,0,0,3.400000095,0.527419313,0.373299011,0.099281677,0.527419313,0.373299011,0.099281677,-0.527419313,0.626700989,-0.099281677,-1.056428306,1.29569198,-0.332001505,-1.064609692,1.305726316,-0.334572652,1.403834423,1.414706255,0.015310681
22,3,0,0,2.75,0.624811687,0.306400873,0.06878744,0.624811687,0.306400873,0.06878744,-0.624811687,-0.306400873,0.93121256,-1.290475968,-0.664646513,3.679339301,-1.292101443,-0.665483697,3.683973773,2.313756301,2.316670694,0.002514435
23,2,1,0,3.200000048,0.3068841,0.475687715,0.217428185,0.3068841,0.475687715,0.217428185,-0.3068841,0.524312285,-0.217428185,-0.665402247,1.049866429,-0.527103402,-0.675590162,1.065940841,-0.535173835,1.219010829,1.237674996,0.029932638
24,1,0,0,2.440000057,0.668388039,0.274090096,0.057521866,0.668388039,0.274090096,0.057521866,0.331611961,-0.274090096,-0.057521866,0.704369852,-0.614476545,-0.247047715,0.706865096,-0.61665334,-0.247922886,0.897648459,0.900828396,0.007047568
25,1,0,0,2.829999924,0.613195074,0.314794312,0.072010614,0.613195074,0.314794312,0.072010614,0.386804926,-0.314794312,-0.072010614,0.794230698,-0.677802176,-0.278565129,0.795621123,-0.678988774,-0.279052801,0.989011794,0.990743214,0.00349214
26,1,0,1,3,0.602230739,0.322623937,0.075145324,0.602230739,0.322623937,0.075145324,0.397769261,-0.322623937,-0.075145324,0.81270728,-0.690133916,-0.285045528,0.820615547,-0.69684945,-0.28781924,1.007089489,1.016889246,0.019181117
27,2,0,1,3.269999981,0.561811501,0.350641545,0.087546953,0.561811501,0.350641545,0.087546953,-0.561811501,0.649358455,-0.087546953,-1.132308652,1.36085096,-0.309752811,-1.150451839,1.382656122,-0.314716036,1.447750542,1.470948112,0.031292268
28,2,1,0,3.140000105,0.314798034,0.473994393,0.211207572,0.314798034,0.473994393,0.211207572,-0.314798034,0.526005607,-0.211207572,-0.677808024,1.05343704,-0.517455939,-0.68806705,1.069381433,-0.525287941,1.22193272,1.240427395,0.029597537
29,2,0,0,3.369999886,0.532021089,0.370336951,0.097641961,0.532021089,0.370336951,0.097641961,-0.532021089,0.629663049,-0.097641961,-1.066230944,1.303933914,-0.328949173,-1.074139558,1.313605655,-0.331389106,1.40949779,1.419952536,0.014671276
30,3,0,1,2.789999962,0.632759906,0.300602171,0.066637923,0.632759906,0.300602171,0.066637923,-0.632759906,-0.300602171,0.933362077,-1.312636365,-0.655592409,3.742521894,-1.317240656,-0.657892009,3.755649414,2.327436981,2.335600854,0.006978594
31,1,0,0,2.900000095,0.602923246,0.322132155,0.074944599,0.602923246,0.322132155,0.074944599,0.397076754,-0.322132155,-0.074944599,0.811533061,-0.689357527,-0.284633688,0.81288146,-0.690502926,-0.285106619,1.00594769,1.007619117,0.003314825
32,2,0,0,3.380000114,0.530487705,0.371326455,0.09818584,0.530487705,0.371326455,0.09818584,-0.530487705,0.628673545,-0.09818584,-1.062953281,1.301171815,-0.329963503,-1.070950647,1.310961471,-0.332446057,1.407603404,1.418193822,0.014879314
33,1,0,1,2.950000048,0.609582075,0.31738448,0.073033446,0.609582075,0.31738448,0.073033446,0.390417925,-0.31738448,-0.073033446,0.800292563,-0.681874994,-0.280691242,0.808187165,-0.688601449,-0.283460162,0.994969025,1.004784042,0.019441151
34,1,0,0,2.980000019,0.591072471,0.33049555,0.078431979,0.591072471,0.33049555,0.078431979,0.408927529,-0.33049555,-0.078431979,0.831769148,-0.702596648,-0.291731208,0.83314555,-0.703759297,-0.292213961,1.02549173,1.027188702,0.003301379
35,1,1,1,3.809999943,0.24385688,0.480024101,0.27611902,0.24385688,0.480024101,0.27611902,0.75614312,-0.480024101,-0.27611902,1.760899202,-0.960815309,-0.617610369,1.782901432,-0.972820584,-0.625327338,1.679984396,1.700975605,0.024529083
36,1,0,0,2.74000001,0.626254017,0.305351918,0.068394066,0.626254017,0.305351918,0.068394066,0.373745983,-0.305351918,-0.068394066,0.772525822,-0.663006682,-0.270952453,0.774051829,-0.664316351,-0.271487678,0.967470116,0.969381206,0.00393902
37,1,0,0,2.619999886,0.643381038,0.292785355,0.063833607,0.643381038,0.292785355,0.063833607,0.356618962,-0.292785355,-0.063833607,0.744505804,-0.643426661,-0.26112483,0.746335943,-0.645008329,-0.261766725,0.939167862,0.941476519,0.004898319
38,1,0,0,2.849999905,0.6102701,0.316891992,0.072837908,0.6102701,0.316891992,0.072837908,0.3897299,-0.316891992,-0.072837908,0.799136223,-0.681100099,-0.280285673,0.800508671,-0.682269831,-0.280767039,0.993834627,0.995541452,0.003426
39,2,0,0,2.5,0.660149092,0.280293104,0.059557804,0.660149092,0.280293104,0.059557804,-0.660149092,0.719706896,-0.059557804,-1.393724062,1.602402543,-0.251653679,-1.403343661,1.613462458,-0.253390614,1.594941644,1.605950063,0.013662553
40,2,0,0,2.75,0.624811687,0.306400873,0.06878744,0.624811687,0.306400873,0.06878744,-0.624811687,0.693599127,-0.06878744,-1.290475968,1.504559162,-0.271787927,-1.297565164,1.512824418,-0.273280986,1.538090369,1.546539828,0.010897071
41,1,0,0,2.259999991,0.692479673,0.255720649,0.051799678,0.692479673,0.255720649,0.051799678,0.307520327,-0.255720649,-0.051799678,0.666397561,-0.586158293,-0.233729474,0.669732209,-0.589091424,-0.234899054,0.857293876,0.861583766,0.00993336
42,1,0,0,2.029999971,0.721790248,0.23294059,0.045269162,0.721790248,0.23294059,0.045269162,0.278209752,-0.23294059,-0.045269162,0.6208414,-0.55107167,-0.217751298,0.625380469,-0.555100641,-0.219343312,0.807490802,0.813394494,0.014463503
43,2,1,0,2.849999905,0.354523092,0.462488161,0.182988747,0.354523092,0.462488161,0.182988747,-0.354523092,0.537511839,-0.182988747,-0.741108697,1.078061924,-0.473258227,-0.752672498,1.094883335,-0.480642656,1.24188109,1.261258634,0.03049127
44,1,0,0,2.720000029,0.629131931,0.303254505,0.067613564,0.629131931,0.303254505,0.067613564,0.370868069,-0.303254505,-0.067613564,0.767783646,-0.659730475,-0.269289202,0.769351147,-0.661077375,-0.26983898,0.962719374,0.964684854,0.004070713
45,2,0,0,2.890000105,0.604396443,0.321084725,0.074518832,0.604396443,0.321084725,0.074518832,-0.604396443,0.678915275,-0.074518832,-1.23603525,1.454112365,-0.283758726,-1.242453592,1.461663113,-0.285232196,1.507348832,1.51517602,0.010305035
46,2,1,0,2.470000029,0.40969349,0.439745987,0.150560523,0.40969349,0.439745987,0.150560523,-0.40969349,0.560254013,-0.150560523,-0.833087744,1.12873384,-0.421007019,-0.849252855,1.150635623,-0.429176176,1.28184088,1.306713529,0.037706704
47,1,0,0,3.039999962,0.582113595,0.336742112,0.081144293,0.582113595,0.336742112,0.081144293,0.417886405,-0.336742112,-0.081144293,0.847276675,-0.712537136,-0.297170252,0.848732309,-0.713761286,-0.297680795,1.040278492,1.042065707,0.003427198
48,1,0,0,3.099999905,0.573100203,0.342957937,0.08394186,0.573100203,0.342957937,0.08394186,0.426899797,-0.342957937,-0.08394186,0.863073323,-0.722476695,-0.302710702,0.864662214,-0.723806751,-0.303267983,1.055172691,1.05711523,0.003671793
49,1,0,0,2.569999933,0.650413327,0.287568359,0.062018315,0.650413327,0.287568359,0.062018315,0.349586673,-0.287568359,-0.062018315,0.733132915,-0.635329395,-0.257135951,0.735125489,-0.637056149,-0.257834817,0.927520599,0.930041496,0.005413696
50,1,0,0,2.089999914,0.714310979,0.238796018,0.046893003,0.714310979,0.238796018,0.046893003,0.285689021,-0.238796018,-0.046893003,0.632416384,-0.5600967,-0.221811059,0.636634021,-0.563832031,-0.223290335,0.820288811,0.825759384,0.01320591
51,2,0,0,2.940000057,0.597012016,0.326317875,0.07667011,0.597012016,0.326317875,0.07667011,-0.597012016,0.673682125,-0.07667011,-1.217153879,1.436835602,-0.288160596,-1.223459019,1.444278745,-0.289653335,1.496584977,1.504337636,0.010280514
52,1,0,0,3.450000048,0.519739767,0.378191244,0.102068989,0.519739767,0.378191244,0.102068989,0.480260233,-0.378191244,-0.102068989,0.961269891,-0.779879165,-0.337151753,0.964903651,-0.782827237,-0.338426242,1.144051608,1.148376313,0.007517678
53,1,0,0,2.759999991,0.623367139,0.307449952,0.069182909,0.623367139,0.307449952,0.069182909,0.376632861,-0.307449952,-0.069182909,0.777297288,-0.66628745,-0.272625977,0.77878578,-0.667563363,-0.273148044,0.972234155,0.974095943,0.003818945
54,3,0,1,2.960000038,0.608115667,0.318432933,0.0734514,0.608115667,0.318432933,0.0734514,-0.608115667,-0.318432933,0.9265486,-1.245701953,-0.683525451,3.551681911,-1.250107087,-0.685942579,3.564241603,2.285227042,2.293308213,0.007035193
55,1,0,0,2.890000105,0.604396443,0.321084725,0.074518832,0.604396443,0.321084725,0.074518832,0.395603557,-0.321084725,-0.074518832,0.809038415,-0.687704763,-0.283758726,0.810389168,-0.68885294,-0.284232483,1.003518742,1.005194195,0.003330813
56,2,0,0,2.970000029,0.592559924,0.329452006,0.07798807,0.592559924,0.329452006,0.07798807,-0.592559924,0.670547994,-0.07798807,-1.205963785,1.426654648,-0.290834428,-1.212232346,1.434070353,-0.292346176,1.490184279,1.497930209,0.010315437
57,2,0,1,3.910000086,0.46367407,0.41175992,0.12456601,0.46367407,0.41175992,0.12456601,-0.46367407,0.58824008,-0.12456601,-0.929805279,1.195240417,-0.377214236,-0.951775161,1.223482128,-0.386127234,1.332152257,1.363628985,0.045633291
58,2,0,0,2.769999981,0.621920394,0.308499124,0.069580481,0.621920394,0.308499124,0.069580481,-0.621920394,0.691500876,-0.069580481,-1.282554338,1.497164082,-0.273466611,-1.289515361,1.505289894,-0.274950842,1.533646814,1.541970634,0.010767201
59,1,0,0,2.509999991,0.658766295,0.281330082,0.059903624,0.658766295,0.281330082,0.059903624,0.341233705,-0.281330082,-0.059903624,0.719714539,-0.625667149,-0.252429646,0.721925842,-0.627589495,-0.253205229,0.913659065,0.916466259,0.006116742
60,1,0,0,3.24000001,0.5518892,0.357298014,0.090812786,0.5518892,0.357298014,0.090812786,0.4481108,-0.357298014,-0.090812786,0.901087071,-0.745607865,-0.316043484,0.903217736,-0.747370892,-0.316790784,1.090328371,1.092906507,0.00471238
61,1,0,0,2.440000057,0.668388039,0.274090096,0.057521866,0.668388039,0.274090096,0.057521866,0.331611961,-0.274090096,-0.057521866,0.704369852,-0.614476545,-0.247047715,0.706865096,-0.61665334,-0.247922886,0.897648459,0.900828396,0.007047568
62,2,0,0,2.779999971,0.620471476,0.309548357,0.069980167,0.620471476,0.309548357,0.069980167,-0.620471476,0.690451643,-0.069980167,-1.278611776,1.493490217,-0.274309837,-1.285512786,1.501550983,-0.27579036,1.531431329,1.539696873,0.010707768
63,1,0,0,2.940000057,0.597012016,0.326317875,0.07667011,0.597012016,0.326317875,0.07667011,0.402987984,-0.326317875,-0.07667011,0.821588804,-0.695973846,-0.288160596,0.822940568,-0.697118935,-0.288634709,1.015694874,1.017366002,0.003282507
64,1,1,0,3.220000029,0.304270891,0.476198214,0.219530895,0.304270891,0.476198214,0.219530895,0.695729109,-0.476198214,-0.219530895,1.512132628,-0.953477378,-0.530359029,1.522569592,-0.960058421,-0.534019645,1.542619128,1.553266514,0.013662682
65,1,0,0,3.5,0.512050883,0.383023678,0.104925439,0.512050883,0.383023678,0.104925439,0.487949117,-0.383023678,-0.104925439,0.976181805,-0.787913538,-0.342381894,0.98030966,-0.791245287,-0.343829681,1.157005859,1.161898341,0.008403803
66,3,1,0,3.569999933,0.260657699,0.480672003,0.258670298,0.260657699,0.480672003,0.258670298,-0.260657699,-0.480672003,0.741329702,-0.593762138,-0.962063074,1.692904343,-0.598564824,-0.969844787,1.706597514,1.644506619,1.657808322,0.015982956
67,2,0,0,3.170000076,0.562523259,0.350160511,0.08731623,0.562523259,0.350160511,0.08731623,-0.562523259,0.649839489,-0.08731623,-1.133947005,1.362289677,-0.309305273,-1.140555149,1.370228501,-0.311107768,1.448698469,1.457140845,0.011554023
68,1,0,1,3.230000019,0.567865329,0.346535324,0.085599347,0.567865329,0.346535324,0.085599347,0.432134671,-0.346535324,-0.085599347,0.872342193,-0.72822016,-0.305961626,0.880703629,-0.73520018,-0.308894281,1.063833619,1.074030508,0.018897944
69,1,0,0,2.910000086,0.60144818,0.323179219,0.075372601,0.60144818,0.323179219,0.075372601,0.39855182,-0.323179219,-0.075372601,0.814035399,-0.691010857,-0.285511347,0.815382705,-0.692154545,-0.285983895,1.008379789,1.010048752,0.003301988
70,1,0,0,3.279999971,0.545790577,0.361342458,0.092866965,0.545790577,0.361342458,0.092866965,0.454209423,-0.361342458,-0.092866965,0.912252481,-0.752186396,-0.319959593,0.914602189,-0.754123819,-0.320783719,1.100472567,1.103307078,0.005131608
71,1,0,1,3.319999933,0.554218464,0.355743788,0.090037749,0.554218464,0.355743788,0.090037749,0.445781536,-0.355743788,-0.090037749,0.896851509,-0.743086472,-0.31455792,0.905593573,-0.750329711,-0.317624075,1.086458771,1.097049033,0.019213628
72,1,0,0,3.619999886,0.493581213,0.394348625,0.112070163,0.493581213,0.394348625,0.112070163,0.506418787,-0.394348625,-0.112070163,1.012921045,-0.8069169,-0.355267661,1.018468262,-0.811335945,-0.357213268,1.188333176,1.19484103,0.010863589
73,1,0,0,2.549999952,0.653208226,0.28548599,0.061305784,0.653208226,0.28548599,0.061305784,0.346791774,-0.28548599,-0.061305784,0.728632554,-0.632101799,-0.255557513,0.730695293,-0.633891261,-0.256280989,0.922886043,0.925498708,0.005637992
74,1,0,0,2.970000029,0.592559924,0.329452006,0.07798807,0.592559924,0.329452006,0.07798807,0.407440076,-0.329452006,-0.07798807,0.829212297,-0.700940484,-0.290834428,0.830580485,-0.702097026,-0.291314301,1.023037901,1.024725899,0.003291822
75,3,1,0,3.630000114,0.253601061,0.480581183,0.265817756,0.253601061,0.480581183,0.265817756,-0.253601061,-0.480581183,0.734182244,-0.582894592,-0.961888077,1.66191935,-0.58792942,-0.97019651,1.676274393,1.627847862,1.641908609,0.017053983
76,1,0,1,3.019999981,0.599277036,0.324717282,0.076005682,0.599277036,0.324717282,0.076005682,0.400722964,-0.324717282,-0.076005682,0.817726924,-0.693441588,-0.286806097,0.825648353,-0.700159048,-0.289584426,1.011959772,1.021762761,0.019096336
77,1,0,1,3.599999905,0.511328344,0.383474326,0.10519733,0.511328344,0.383474326,0.10519733,0.488671656,-0.383474326,-0.10519733,0.977594256,-0.788664991,-0.342877292,0.98841753,-0.797396566,-0.346673401,1.158225663,1.171048768,0.021780302
78,1,0,0,2.950000048,0.595529722,0.327363134,0.077107145,0.595529722,0.327363134,0.077107145,0.404470278,-0.327363134,-0.077107145,0.824122149,-0.697629041,-0.289049131,0.825478036,-0.698776815,-0.289524689,1.018139461,1.019814555,0.003282397
79,3,1,1,3.809999943,0.24385688,0.480024101,0.27611902,0.24385688,0.480024101,0.27611902,-0.24385688,-0.480024101,0.72388098,-0.567891677,-0.960815309,1.619143801,-0.575716571,-0.974054239,1.641453741,1.604321212,1.626426914,0.026998417
80,2,1,0,2.680000067,0.378824818,0.453320001,0.167855181,0.378824818,0.453320001,0.167855181,-0.378824818,0.546679999,-0.167855181,-0.780930103,1.098156286,-0.449125711,-0.794103428,1.116680825,-0.456701907,1.257900631,1.279119859,0.032902665
81,1,1,0,3.720000029,0.243255216,0.479972545,0.276772239,0.243255216,0.479972545,0.276772239,0.756744784,-0.479972545,-0.276772239,1.763776849,-0.960716084,-0.618619663,1.778963398,-0.968988084,-0.623946129,1.681454202,1.695931933,0.017000605
82,1,0,0,2.49000001,0.661529165,0.27925698,0.059213855,0.661529165,0.27925698,0.059213855,0.338470835,-0.27925698,-0.059213855,0.715296546,-0.622460498,-0.250880098,0.717586012,-0.624452821,-0.251683095,0.909066782,0.911976452,0.00637084
83,1,0,0,2.720000029,0.629131931,0.303254505,0.067613564,0.629131931,0.303254505,0.067613564,0.370868069,-0.303254505,-0.067613564,0.767783646,-0.659730475,-0.269289202,0.769351147,-0.661077375,-0.26983898,0.962719374,0.964684854,0.004070713
84,1,1,0,2.25,0.442809259,0.423147862,0.13404288,0.442809259,0.423147862,0.13404288,0.557190741,-0.423147862,-0.13404288,1.121743597,-0.856473286,-0.393435624,1.1369144,-0.868056492,-0.398756568,1.276413858,1.293676469,0.02650962
85,1,0,0,2.529999971,0.655992599,0.283406491,0.06060091,0.655992599,0.283406491,0.06060091,0.344007401,-0.283406491,-0.06060091,0.724159818,-0.628880982,-0.253988764,0.726295507,-0.630735675,-0.254737827,0.918265509,0.920973653,0.0058724
86,1,0,0,3.259999991,0.548841722,0.359323565,0.091834713,0.548841722,0.359323565,0.091834713,0.451158278,-0.359323565,-0.091834713,0.906652589,-0.748899386,-0.31799551,0.908889027,-0.750746695,-0.318779909,1.095395071,1.09809708,0.004915202
87,3,0,0,2.569999933,0.650413327,0.287568359,0.062018315,0.650413327,0.287568359,0.062018315,-0.650413327,-0.287568359,0.937981685,-1.364009143,-0.635329395,3.888993342,-1.365901727,-0.636210924,3.894389381,2.358103281,2.361375186,0.002769266
88,1,0,0,2.900000095,0.602923246,0.322132155,0.074944599,0.602923246,0.322132155,0.074944599,0.397076754,-0.322132155,-0.074944599,0.811533061,-0.689357527,-0.284633688,0.81288146,-0.690502926,-0.285106619,1.00594769,1.007619117,0.003314825
89,1,0,0,3.049999952,0.580614996,0.337780426,0.081604578,0.580614996,0.337780426,0.081604578,0.419385004,-0.337780426,-0.081604578,0.849889227,-0.714194058,-0.298086568,0.851363219,-0.71543271,-0.298603549,1.042753469,1.044561953,0.003459667
90,2,0,0,2.849999905,0.6102701,0.316891992,0.072837908,0.6102701,0.316891992,0.072837908,-0.6102701,0.683108008,-0.072837908,-1.251351111,1.46821297,-0.280285673,-1.257907534,1.475905636,-0.281754223,1.516043722,1.523986996,0.010397166
91,2,0,0,4,0.435447279,0.42700206,0.137550661,0.435447279,0.42700206,0.137550661,-0.435447279,0.57299794,-0.137550661,-0.878244701,1.158407992,-0.399359982,-0.895512573,1.181184379,-0.407212118,1.304581497,1.330231918,0.038193516
92,3,1,0,3.400000095,0.281329526,0.479560981,0.239109493,0.281329526,0.479560981,0.239109493,-0.281329526,-0.479560981,0.760890507,-0.625666289,-0.959924322,1.78386783,-0.629954064,-0.966502812,1.796092916,1.691646359,1.703239439,0.013566649
93,2,0,1,3.24000001,0.566353699,0.347563767,0.086082535,0.566353699,0.347563767,0.086082535,-0.566353699,0.652436233,-0.086082535,-1.142815303,1.370098492,-0.30690505,-1.161004506,1.391905165,-0.311789792,1.453827452,1.476966766,0.031088113
94,1,0,1,3.509999991,0.525163274,0.374742887,0.100093838,0.525163274,0.374742887,0.100093838,0.474836726,-0.374742887,-0.100093838,0.950878389,-0.774171856,-0.333507081,0.960872234,-0.782308494,-0.33701228,1.134941466,1.146869837,0.020693434
95,3,0,0,2.549999952,0.653208226,0.28548599,0.061305784,0.653208226,0.28548599,0.061305784,-0.653208226,-0.28548599,0.938694216,-1.372433876,-0.632101799,3.913013509,-1.374365228,-0.632991322,3.918520083,2.362998558,2.366323879,0.002808563
96,1,0,0,3.059999943,0.579114909,0.338817851,0.08206724,0.579114909,0.338817851,0.08206724,0.420885091,-0.338817851,-0.08206724,0.852509835,-0.71585091,-0.299005709,0.854003703,-0.717105308,-0.299529662,1.045231419,1.047062997,0.003495445
97,3,0,0,3,0.588092583,0.332580678,0.07932674,0.588092583,0.332580678,0.07932674,-0.588092583,-0.332580678,0.92067326,-1.194876568,-0.705909651,3.406771166,-1.196404817,-0.70681251,3.41112843,2.251301851,2.254181269,0.002553103
98,2,0,0,3.130000114,0.568574805,0.34605192,0.085373275,0.568574805,0.34605192,0.085373275,-0.568574805,0.65394808,-0.085373275,-1.147997794,1.374678066,-0.305519566,-1.154458622,1.38241463,-0.307239002,1.456822885,1.465021752,0.011161507
99,1,0,0,3.160000086,0.564037964,0.349135261,0.086826775,0.564037964,0.349135261,0.086826775,0.435962036,-0.349135261,-0.086826775,0.87916455,-0.73240531,-0.308354471,0.880944419,-0.733888066,-0.308978735,1.070171685,1.072338249,0.004036739
100,2,0,0,2.470000029,0.664281066,0.2771874,0.058531534,0.664281066,0.2771874,0.058531534,-0.664281066,0.7228126,-0.058531534,-1.406656377,1.614827418,-0.249340062,-1.416696223,1.626353061,-0.251119697,1.601912274,1.613345736,0.014123382
101,2,0,0,2.890000105,0.604396443,0.321084725,0.074518832,0.604396443,0.321084725,0.074518832,-0.604396443,0.678915275,-0.074518832,-1.23603525,1.454112365,-0.283758726,-1.242453592,1.461663113,-0.285232196,1.507348832,1.51517602,0.010305035
102,1,0,0,2.74000001,0.626254017,0.305351918,0.068394066,0.626254017,0.305351918,0.068394066,0.373745983,-0.305351918,-0.068394066,0.772525822,-0.663006682,-0.270952453,0.774051829,-0.664316351,-0.271487678,0.967470116,0.969381206,0.00393902
103,1,0,0,3.160000086,0.564037964,0.349135261,0.086826775,0.564037964,0.349135261,0.086826775,0.435962036,-0.349135261,-0.086826775,0.87916455,-0.73240531,-0.308354471,0.880944419,-0.733888066,-0.308978735,1.070171685,1.072338249,0.004036739
104,1,0,0,2.920000076,0.59997127,0.324225883,0.075802847,0.59997127,0.324225883,0.075802847,0.40002873,-0.324225883,-0.075802847,0.816545453,-0.692664714,-0.286391713,0.817892944,-0.693807772,-0.286864326,1.010815027,1.012483107,0.003292315
105,2,0,0,3.569999933,0.501277673,0.389679424,0.109042903,0.501277673,0.389679424,0.109042903,-0.501277673,0.610320576,-0.109042903,-1.002558619,1.251483905,-0.349840679,-1.012642364,1.264071343,-0.35335938,1.372902668,1.386711338,0.019816551
106,2,1,0,3.49000001,0.270262072,0.480400815,0.249337113,0.270262072,0.480400815,0.249337113,-0.270262072,0.519599185,-0.249337113,-0.60856797,1.039997661,-0.576329687,-0.619216961,1.058195998,-0.586414557,1.210895942,1.232084732,0.034099267
107,2,0,1,2.559999943,0.665008968,0.276639198,0.058351834,0.665008968,0.276639198,0.058351834,-0.665008968,0.723360802,-0.058351834,-1.408955124,1.617039493,-0.248933257,-1.434481731,1.646336049,-0.253443281,1.603147626,1.632192497,0.035273345
108,2,1,0,3.119999886,0.317460432,0.473376373,0.209163195,0.317460432,0.473376373,0.209163195,-0.317460432,0.526623627,-0.209163195,-0.68199452,1.054743557,-0.514279481,-0.692291326,1.070668156,-0.522044112,1.222999994,1.241464942,0.029525809
109,2,1,0,2.650000095,0.383181298,0.45152793,0.165290772,0.383181298,0.45152793,0.165290772,-0.383181298,0.54847207,-0.165290772,-0.788176325,1.102135391,-0.444996604,-0.801706246,1.121054768,-0.452635464,1.261045635,1.282692882,0.033468001
110,2,0,0,2.509999991,0.658766295,0.281330082,0.059903624,0.658766295,0.281330082,0.059903624,-0.658766295,0.718669918,-0.059903624,-1.389439766,1.598293919,-0.252429646,-1.398924858,1.609204766,-0.254152872,1.592624645,1.603496791,0.013514574
111,2,0,0,3.079999924,0.576110375,0.340889889,0.082999737,0.576110375,0.340889889,0.082999737,-0.576110375,0.659110111,-0.082999737,-1.165806451,1.390502991,-0.300852502,-1.172138206,1.398055123,-0.302486499,1.467103106,1.47507127,0.010774588
112,2,0,0,2.650000095,0.639131537,0.295922025,0.064946438,0.639131537,0.295922025,0.064946438,-0.639131537,0.704077975,-0.064946438,-1.330824107,1.542487788,-0.263547817,-1.338718185,1.551637395,-0.265111109,1.560550729,1.56980748,0.011758715
113,1,0,0,2.99000001,0.589583349,0.331538452,0.078878199,0.589583349,0.331538452,0.078878199,0.410416651,-0.331538452,-0.078878199,0.834333884,-0.704253052,-0.292630752,0.835719897,-0.705422971,-0.293116876,1.027948618,1.029656267,0.003314181
114,1,0,0,2.630000114,0.641966983,0.293830449,0.064202568,0.641966983,0.293830449,0.064202568,0.358033017,-0.293830449,-0.064202568,0.74680152,-0.645050782,-0.261930019,0.74860152,-0.646605535,-0.262561344,0.941507733,0.94377703,0.004803187
115,2,0,0,2.799999952,0.617567209,0.311646877,0.070785914,0.617567209,0.311646877,0.070785914,-0.617567209,0.688353123,-0.070785914,-1.270762974,1.486189723,-0.276004097,-1.277552073,1.494129747,-0.27747866,1.527013121,1.535171246,0.010600053
116,2,0,1,3.460000038,0.532834047,0.369811337,0.097354615,0.532834047,0.369811337,0.097354615,-0.532834047,0.630188663,-0.097354615,-1.067973292,1.305404731,-0.328412508,-1.086326384,1.327838075,-0.334056268,1.410505089,1.43474458,0.033503848
117,1,0,0,3.609999895,0.495120378,0.393420728,0.111458894,0.495120378,0.393420728,0.111458894,0.504879622,-0.393420728,-0.111458894,1.009807334,-0.805350321,-0.354175571,1.015223255,-0.809669674,-0.356075128,1.185710216,1.192069562,0.010640961
118,1,0,0,3.079999924,0.576110375,0.340889889,0.082999737,0.576110375,0.340889889,0.082999737,0.423889625,-0.340889889,-0.082999737,0.857775318,-0.719164221,-0.300852502,0.859313559,-0.720453891,-0.301392018,1.050196186,1.052079493,0.003576957
119,1,1,0,3.279999971,0.296507084,0.477566479,0.225926437,0.296507084,0.477566479,0.225926437,0.703492916,-0.477566479,-0.225926437,1.540324869,-0.956095777,-0.540247056,1.551052392,-0.962754463,-0.544009583,1.559284559,1.570144126,0.013784739
120,1,0,1,3.309999943,0.555739214,0.354726252,0.089534534,0.555739214,0.354726252,0.089534534,0.444260786,-0.354726252,-0.089534534,0.894094595,-0.741437703,-0.313590972,0.902788051,-0.748646846,-0.316640078,1.083933702,1.094473,0.019166401
121,1,0,0,2.569999933,0.650413327,0.287568359,0.062018315,0.650413327,0.287568359,0.062018315,0.349586673,-0.287568359,-0.062018315,0.733132915,-0.635329395,-0.257135951,0.735125489,-0.637056149,-0.257834817,0.927520599,0.930041496,0.005413696
122,2,0,0,3.390000105,0.528953782,0.372313813,0.098732405,0.528953782,0.372313813,0.098732405,-0.528953782,0.627686187,-0.098732405,-1.059685771,1.298424529,-0.330980935,-1.067774065,1.30833505,-0.333507223,1.405715616,1.416445061,0.015092442
123,1,0,0,2.259999991,0.692479673,0.255720649,0.051799678,0.692479673,0.255720649,0.051799678,0.307520327,-0.255720649,-0.051799678,0.666397561,-0.586158293,-0.233729474,0.669732209,-0.589091424,-0.234899054,0.857293876,0.861583766,0.00993336
124,1,0,0,2.420000076,0.671111899,0.272030238,0.056857863,0.671111899,0.272030238,0.056857863,0.328888101,-0.272030238,-0.056857863,0.700046053,-0.611296516,-0.245531204,0.702627457,-0.613550658,-0.246436595,0.893106256,0.896399565,0.007334362
125,1,0,0,2.599999905,0.646201577,0.2906968,0.063101623,0.646201577,0.2906968,0.063101623,0.353798423,-0.2906968,-0.063101623,0.739935629,-0.640183043,-0.259521906,0.741828441,-0.641820679,-0.260185783,0.934498567,0.936889085,0.005096587
126,2,1,1,3.440000057,0.288265444,0.478765386,0.23296917,0.288265444,0.478765386,0.23296917,-0.288265444,0.521234614,-0.23296917,-0.636410396,1.043410618,-0.551115742,-0.653072639,1.070728778,-0.565544834,1.213708862,1.245485702,0.050376282
127,2,0,0,2.980000019,0.591072471,0.33049555,0.078431979,0.591072471,0.33049555,0.078431979,-0.591072471,0.66950445,-0.078431979,-1.202256662,1.423291731,-0.291731208,-1.208518209,1.430704464,-0.293250591,1.48806054,1.4958106,0.01033551
128,2,1,0,3.089999914,0.321476438,0.472399539,0.206124023,0.321476438,0.472399539,0.206124023,-0.321476438,0.527600461,-0.206124023,-0.688322723,1.056812278,-0.509551372,-0.698689796,1.072729304,-0.517225906,1.224687854,1.243133314,0.029455592
129,1,0,1,3.339999914,0.551173945,0.357774228,0.091051827,0.551173945,0.357774228,0.091051827,0.448826055,-0.357774228,-0.091051827,0.902390866,-0.746381149,-0.316500771,0.911235061,-0.753696316,-0.319602747,1.091517137,1.10221493,0.019317245
130,1,0,0,2.839999914,0.611733594,0.315843235,0.072423172,0.611733594,0.315843235,0.072423172,0.388266406,-0.315843235,-0.072423172,0.796679685,-0.679450741,-0.279424077,0.798060541,-0.680628408,-0.279908393,0.991421601,0.993139997,0.003457537
131,1,0,0,2.809999943,0.616111905,0.312696101,0.071191994,0.616111905,0.312696101,0.071191994,0.383888095,-0.312696101,-0.071191994,0.789355286,-0.674507571,-0.276855148,0.790768262,-0.675714966,-0.277350729,0.984201877,0.985963636,0.003570487
132,1,0,0,2.789999962,0.619020407,0.310597619,0.070381975,0.619020407,0.310597619,0.070381975,0.380979593,-0.310597619,-0.070381975,0.784509801,-0.671216573,-0.275155663,0.78594977,-0.672448592,-0.275660712,0.979404962,0.98120266,0.003660919
133,1,0,0,2.400000095,0.673824303,0.269974628,0.056201069,0.673824303,0.269974628,0.056201069,0.326175697,-0.269974628,-0.056201069,0.695748797,-0.608124498,-0.244024002,0.698418391,-0.610457877,-0.244960325,0.888578505,0.891987989,0.007630075
134,1,0,0,3.019999981,0.585106222,0.33466296,0.080230819,0.585106222,0.33466296,0.080230819,0.414893778,-0.33466296,-0.080230819,0.842075638,-0.709223264,-0.295346062,0.843499042,-0.710422101,-0.295845301,1.035337503,1.037087588,0.003372151
135,2,0,0,2.650000095,0.639131537,0.295922025,0.064946438,0.639131537,0.295922025,0.064946438,-0.639131537,0.704077975,-0.064946438,-1.330824107,1.542487788,-0.263547817,-1.338718185,1.551637395,-0.265111109,1.560550729,1.56980748,0.011758715
136,2,0,0,2.549999952,0.653208226,0.28548599,0.061305784,0.653208226,0.28548599,0.061305784,-0.653208226,0.71451401,-0.061305784,-1.372433876,1.582023658,-0.255557513,-1.381408805,1.592369185,-0.257228712,1.583390237,1.593744701,0.012951669
137,2,1,0,3.119999886,0.317460432,0.473376373,0.209163195,0.317460432,0.473376373,0.209163195,-0.317460432,0.526623627,-0.209163195,-0.68199452,1.054743557,-0.514279481,-0.692291326,1.070668156,-0.522044112,1.222999994,1.241464942,0.029525809
138,1,0,0,2.980000019,0.591072471,0.33049555,0.078431979,0.591072471,0.33049555,0.078431979,0.408927529,-0.33049555,-0.078431979,0.831769148,-0.702596648,-0.291731208,0.83314555,-0.703759297,-0.292213961,1.02549173,1.027188702,0.003301379
139,3,1,0,3.609999895,0.255939212,0.480639479,0.263421309,0.255939212,0.480639479,0.263421309,-0.255939212,-0.480639479,0.736578691,-0.586494854,-0.962000401,1.672184232,-0.591449414,-0.970127137,1.686310422,1.633401723,1.647200288,0.016683788
140,1,0,0,2.980000019,0.591072471,0.33049555,0.078431979,0.591072471,0.33049555,0.078431979,0.408927529,-0.33049555,-0.078431979,0.831769148,-0.702596648,-0.291731208,0.83314555,-0.703759297,-0.292213961,1.02549173,1.027188702,0.003301379
141,1,0,0,3.190000057,0.559490377,0.352206992,0.088302631,0.559490377,0.352206992,0.088302631,0.440509623,-0.352206992,-0.088302631,0.887322286,-0.73736218,-0.311215681,0.889220444,-0.738939543,-0.311881433,1.077709562,1.080014996,0.004264706
142,1,0,0,3.509999991,0.510512305,0.383982564,0.105505131,0.510512305,0.383982564,0.105505131,0.489487695,-0.383982564,-0.105505131,0.979191833,-0.789512935,-0.343437619,0.983425214,-0.79292627,-0.344922417,1.159603845,1.16461721,0.008590933
143,1,0,0,3.099999905,0.573100203,0.342957937,0.08394186,0.573100203,0.342957937,0.08394186,0.426899797,-0.342957937,-0.08394186,0.863073323,-0.722476695,-0.302710702,0.864662214,-0.723806751,-0.303267983,1.055172691,1.05711523,0.003671793
144,1,0,0,3.549999952,0.504356291,0.387791482,0.107852226,0.504356291,0.387791482,0.107852226,0.495643709,-0.387791482,-0.107852226,0.991325043,-0.795883404,-0.34769317,0.996003382,-0.7996394,-0.349334031,1.170019088,1.175540734,0.00937216
145,1,0,0,2.980000019,0.591072471,0.33049555,0.078431979,0.591072471,0.33049555,0.078431979,0.408927529,-0.33049555,-0.078431979,0.831769148,-0.702596648,-0.291731208,0.83314555,-0.703759297,-0.292213961,1.02549173,1.027188702,0.003301379
146,3,0,0,2.99000001,0.589583349,0.331538452,0.078878199,0.589583349,0.331538452,0.078878199,-0.589583349,-0.331538452,0.921121801,-1.198560935,-0.704253052,3.417275843,-1.200086341,-0.705149353,3.421625003,2.253819157,2.256687588,0.002540545
147,1,0,0,3.049999952,0.580614996,0.337780426,0.081604578,0.580614996,0.337780426,0.081604578,0.419385004,-0.337780426,-0.081604578,0.849889227,-0.714194058,-0.298086568,0.851363219,-0.71543271,-0.298603549,1.042753469,1.044561953,0.003459667
148,1,0,0,2.99000001,0.589583349,0.331538452,0.078878199,0.589583349,0.331538452,0.078878199,0.410416651,-0.331538452,-0.078878199,0.834333884,-0.704253052,-0.292630752,0.835719897,-0.705422971,-0.293116876,1.027948618,1.029656267,0.003314181
149,1,0,0,2.319999933,0.684556799,0.26179859,0.053644612,0.684556799,0.26179859,0.053644612,0.315443201,-0.26179859,-0.053644612,0.678821895,-0.595519814,-0.238087132,0.681862357,-0.598187164,-0.239153531,0.870613185,0.874512686,0.008898228
150,1,0,0,2.5,0.660149092,0.280293104,0.059557804,0.660149092,0.280293104,0.059557804,0.339850908,-0.280293104,-0.059557804,0.717502142,-0.624062914,-0.251653679,0.719752216,-0.626019964,-0.25244286,0.911361149,0.914219161,0.006242583
151,1,0,1,2.900000095,0.616883978,0.312139657,0.070976365,0.616883978,0.312139657,0.070976365,0.383116022,-0.312139657,-0.070976365,0.78806749,-0.673634527,-0.276403472,0.795974322,-0.680393232,-0.279176681,0.982928598,0.99279051,0.019768379
152,3,1,1,3.279999971,0.308892106,0.475278821,0.215829073,0.308892106,0.475278821,0.215829073,-0.308892106,-0.475278821,0.784170927,-0.668544743,-0.951721618,1.906120694,-0.675543572,-0.961684956,1.926075399,1.751153057,1.769485445,0.02061325
153,2,0,0,2.950000048,0.595529722,0.327363134,0.077107145,0.595529722,0.327363134,0.077107145,-0.595529722,0.672636866,-0.077107145,-1.213412358,1.433426564,-0.289049131,-1.219702708,1.440857472,-0.290547567,1.494446535,1.502193771,0.010287965
154,2,0,0,3.539999962,0.505895491,0.386843324,0.107261185,0.505895491,0.386843324,0.107261185,-0.505895491,0.613156676,-0.107261185,-1.011861324,1.258978106,-0.346624364,-1.021566735,1.271053772,-0.349949061,1.378212985,1.39143231,0.018910772
155,2,0,0,3.109999895,0.571593069,0.343990375,0.084416556,0.571593069,0.343990375,0.084416556,-0.571593069,0.656009625,-0.084416556,-1.155088428,1.380962738,-0.303644101,-1.161490226,1.38861639,-0.305326975,1.460918616,1.469015404,0.010993042
156,1,1,0,3.25,0.300374673,0.47691304,0.222712287,0.300374673,0.47691304,0.222712287,0.699625327,-0.47691304,-0.222712287,1.526163652,-0.954844502,-0.535280211,1.536736402,-0.961459344,-0.538988452,1.55095111,1.56169558,0.01371267
157,1,0,0,2.440000057,0.668388039,0.274090096,0.057521866,0.668388039,0.274090096,0.057521866,0.331611961,-0.274090096,-0.057521866,0.704369852,-0.614476545,-0.247047715,0.706865096,-0.61665334,-0.247922886,0.897648459,0.900828396,0.007047568
158,1,0,0,2.130000114,0.709258309,0.242735508,0.048006182,0.709258309,0.242735508,0.048006182,0.290741691,-0.242735508,-0.048006182,0.640252731,-0.566164793,-0.224559546,0.644257963,-0.569706553,-0.225964324,0.828897448,0.834082786,0.01239498
159,2,0,0,3.220000029,0.554932785,0.355266109,0.089801107,0.554932785,0.355266109,0.089801107,-0.554932785,0.644733891,-0.089801107,-1.116625109,1.34714195,-0.31410344,-1.123471439,1.355401641,-0.316029293,1.438671726,1.447492611,0.012150677
160,2,0,0,3.160000086,0.564037964,0.349135261,0.086826775,0.564037964,0.349135261,0.086826775,-0.564037964,0.650864739,-0.086826775,-1.137443497,1.365364213,-0.308354471,-1.144011179,1.373247925,-0.310134932,1.450721106,1.459097676,0.011448891
161,1,0,0,3.390000105,0.528953782,0.372313813,0.098732405,0.528953782,0.372313813,0.098732405,0.471046218,-0.372313813,-0.098732405,0.943675972,-0.770164132,-0.330980935,0.946788581,-0.772704432,-0.332072639,1.128586921,1.132309439,0.006564281
162,2,0,0,2.700000048,0.632000707,0.301157963,0.066841329,0.632000707,0.301157963,0.066841329,-0.632000707,0.698842037,-0.066841329,-1.310494765,1.523324177,-0.267636161,-1.317952109,1.531992622,-0.269159139,1.549271027,1.558087122,0.011284547
163,2,0,0,3.089999914,0.57460598,0.34192443,0.08346959,0.57460598,0.34192443,0.08346959,-0.57460598,0.65807557,-0.08346959,-1.162222772,1.387307771,-0.301780172,-1.168575396,1.394890692,-0.30342968,1.465036199,1.473043979,0.010842872
164,2,0,0,3.160000086,0.564037964,0.349135261,0.086826775,0.564037964,0.349135261,0.086826775,-0.564037964,0.650864739,-0.086826775,-1.137443497,1.365364213,-0.308354471,-1.144011179,1.373247925,-0.310134932,1.450721106,1.459097676,0.011448891
165,1,0,0,2.279999971,0.689850997,0.257741111,0.052407892,0.689850997,0.257741111,0.052407892,0.310149003,-0.257741111,-0.052407892,0.670513531,-0.589269746,-0.235173092,0.673748797,-0.592113006,-0.236307815,0.861718807,0.865876649,0.009580716
166,1,0,0,2.910000086,0.60144818,0.323179219,0.075372601,0.60144818,0.323179219,0.075372601,0.39855182,-0.323179219,-0.075372601,0.814035399,-0.691010857,-0.285511347,0.815382705,-0.692154545,-0.285983895,1.008379789,1.010048752,0.003301988
167,1,0,0,3.650000095,0.488964527,0.397113889,0.113921584,0.488964527,0.397113889,0.113921584,0.511035473,-0.397113889,-0.113921584,1.022319977,-0.811596002,-0.358564202,1.028275696,-0.816324109,-0.360653086,1.196215144,1.203183922,0.011550349
168,1,0,0,2.859999895,0.608804618,0.31794055,0.073254832,0.608804618,0.31794055,0.073254832,0.391195382,-0.31794055,-0.073254832,0.801600336,-0.682750215,-0.281149925,0.802965552,-0.683913016,-0.281628755,0.996250858,0.997947587,0.003397546
169,1,0,1,3.390000105,0.543546303,0.362821578,0.093632119,0.543546303,0.362821578,0.093632119,0.456453697,-0.362821578,-0.093632119,0.916389473,-0.75459865,-0.321410584,0.925518404,-0.762115846,-0.324612427,1.104210471,1.115210446,0.019629883
170,1,0,0,3.710000038,0.479737658,0.402557903,0.117704438,0.479737658,0.402557903,0.117704438,0.520262342,-0.402557903,-0.117704438,1.041380138,-0.820854661,-0.365249283,1.048219796,-0.826245935,-0.367648196,1.212036195,1.219996702,0.01300747
171,1,0,0,3.25,0.550365934,0.358311603,0.091322464,0.550365934,0.358311603,0.091322464,0.449634066,-0.358311603,-0.091322464,0.903865546,-0.747254162,-0.317017994,0.906048169,-0.749058605,-0.317783518,1.092860365,1.095499366,0.004812093
172,1,0,0,3.140000105,0.567063764,0.347080929,0.085855307,0.567063764,0.347080929,0.085855307,0.432936236,-0.347080929,-0.085855307,0.873767768,-0.72909765,-0.306461626,0.875477336,-0.730524164,-0.307061233,1.065160573,1.06724461,0.003901641
173,1,0,0,2.410000086,0.672469541,0.27100189,0.056528569,0.672469541,0.27100189,0.056528569,0.327530459,-0.27100189,-0.056528569,0.697894118,-0.609709495,-0.244776443,0.70051937,-0.612003025,-0.245697213,0.89084057,0.894191625,0.007481116
174,2,0,0,3.079999924,0.576110375,0.340889889,0.082999737,0.576110375,0.340889889,0.082999737,-0.576110375,0.659110111,-0.082999737,-1.165806451,1.390502991,-0.300852502,-1.172138206,1.398055123,-0.302486499,1.467103106,1.47507127,0.010774588
175,1,0,1,3.019999981,0.599277036,0.324717282,0.076005682,0.599277036,0.324717282,0.076005682,0.400722964,-0.324717282,-0.076005682,0.817726924,-0.693441588,-0.286806097,0.825648353,-0.700159048,-0.289584426,1.011959772,1.021762761,0.019096336
176,2,0,0,3.150000095,0.565551475,0.348108721,0.086339804,0.565551475,0.348108721,0.086339804,-0.565551475,0.651891279,-0.086339804,-1.140950771,1.368453779,-0.307406592,-1.147480406,1.376285409,-0.309165873,1.452749414,1.461063466,0.011348442
177,3,0,0,2.950000048,0.595529722,0.327363134,0.077107145,0.595529722,0.327363134,0.077107145,-0.595529722,-0.327363134,0.922892855,-1.213412358,-0.697629041,3.459619463,-1.21493225,-0.698502875,3.463952902,2.263872495,2.266708169,0.002500454
178,1,0,0,2.220000029,0.697699619,0.251697164,0.050603217,0.697699619,0.251697164,0.050603217,0.302300381,-0.251697164,-0.050603217,0.658241264,-0.579963237,-0.230868768,0.661778135,-0.583079503,-0.232109275,0.84848879,0.853047902,0.010660429
179,2,0,0,2.859999895,0.608804618,0.31794055,0.073254832,0.608804618,0.31794055,0.073254832,-0.608804618,0.68205945,-0.073254832,-1.247504468,1.464664498,-0.281149925,-1.254022385,1.472317025,-0.282618867,1.51386318,1.521772758,0.010368201
180,2,1,0,2.880000114,0.350307359,0.463925995,0.185766646,0.350307359,0.463925995,0.185766646,-0.350307359,0.536074005,-0.185766646,-0.734295144,1.074949396,-0.477649608,-0.745643794,1.091562912,-0.485031759,1.239379064,1.258533867,0.030208222
181,3,0,0,2.619999886,0.643381038,0.292785355,0.063833607,0.643381038,0.292785355,0.063833607,-0.643381038,-0.292785355,0.936166393,-1.343172874,-0.643426661,3.829586033,-1.344976216,-0.644290525,3.834727631,2.345836939,2.348986457,0.002679799
182,1,0,0,3.369999886,0.532021089,0.370336951,0.097641961,0.532021089,0.370336951,0.097641961,0.467978911,-0.370336951,-0.097641961,0.937883116,-0.766910032,-0.328949173,0.940838865,-0.769326958,-0.32998586,1.123451957,1.126992528,0.006273351
183,2,0,0,3.509999991,0.510512305,0.383982564,0.105505131,0.510512305,0.383982564,0.105505131,-0.510512305,0.616017436,-0.105505131,-1.021250348,1.266603694,-0.343437619,-1.030595289,1.278193738,-0.346580241,1.383588185,1.396248696,0.018052816
184,2,0,0,3.650000095,0.488964527,0.397113889,0.113921584,0.488964527,0.397113889,0.113921584,-0.488964527,0.602886111,-0.113921584,-0.978167328,1.232140126,-0.358564202,-0.989344766,1.24621969,-0.362661486,1.359067449,1.374597401,0.022467997
185,3,1,0,3.420000076,0.278846377,0.479796411,0.241357213,0.278846377,0.479796411,0.241357213,-0.278846377,-0.479796411,0.758642787,-0.621825615,-0.960377165,1.772917496,-0.626162901,-0.967075878,1.785283747,1.686106303,1.697867039,0.013805561
186,3,0,0,2.410000086,0.672469541,0.27100189,0.056528569,0.672469541,0.27100189,0.056528569,-0.672469541,-0.27100189,0.943471431,-1.432882116,-0.609709495,4.08536045,-1.43513121,-0.610666513,4.091772952,2.397085363,2.400847899,0.003131883
187,3,0,1,3.210000038,0.570884775,0.344474886,0.084640339,0.570884775,0.344474886,0.084640339,-0.570884775,-0.344474886,0.915359661,-1.153419445,-0.72491004,3.288570728,-1.157801784,-0.727664287,3.301065431,2.222316045,2.230759585,0.007555777
188,1,0,0,3.220000029,0.554932785,0.355266109,0.089801107,0.554932785,0.355266109,0.089801107,0.445067215,-0.355266109,-0.089801107,0.895555717,-0.742312271,-0.31410344,0.897587974,-0.743996777,-0.314816225,1.085272575,1.087735351,0.004523137
189,1,0,0,2.529999971,0.655992599,0.283406491,0.06060091,0.655992599,0.283406491,0.06060091,0.344007401,-0.283406491,-0.06060091,0.724159818,-0.628880982,-0.253988764,0.726295507,-0.630735675,-0.254737827,0.918265509,0.920973653,0.0058724
190,2,0,0,2.640000105,0.640550487,0.294876007,0.064573506,0.640550487,0.294876007,0.064573506,-0.640550487,0.705123993,-0.064573506,-1.334927664,1.546368617,-0.262737673,-1.342917358,1.555623809,-0.264310188,1.562818175,1.57217182,0.011863614
191,1,0,0,2.940000057,0.597012016,0.326317875,0.07667011,0.597012016,0.326317875,0.07667011,0.402987984,-0.326317875,-0.07667011,0.821588804,-0.695973846,-0.288160596,0.822940568,-0.697118935,-0.288634709,1.015694874,1.017366002,0.003282507
192,2,0,0,2.559999943,0.651812083,0.28652683,0.061661088,0.651812083,0.28652683,0.061661088,-0.651812083,0.71347317,-0.061661088,-1.368215025,1.57799701,-0.256345517,-1.377069375,1.588208956,-0.258004447,1.581090194,1.591322157,0.012818358
193,1,0,1,3.119999886,0.584404061,0.335151469,0.08044447,0.584404061,0.335151469,0.08044447,0.415595939,-0.335151469,-0.08044447,0.843294049,-0.710001404,-0.295773402,0.851352708,-0.716786296,-0.298599863,1.036496648,1.046401584,0.018841824
194,2,0,0,3.339999914,0.536617388,0.367356161,0.096026451,0.536617388,0.367356161,0.096026451,-0.536617388,0.632643839,-0.096026451,-1.076124463,1.312308609,-0.325924928,-1.083780003,1.321644362,-0.328243555,1.415219726,1.425287588,0.014077585
195,1,0,0,3.220000029,0.554932785,0.355266109,0.089801107,0.554932785,0.355266109,0.089801107,0.445067215,-0.355266109,-0.089801107,0.895555717,-0.742312271,-0.31410344,0.897587974,-0.743996777,-0.314816225,1.085272575,1.087735351,0.004523137
196,2,0,0,3.049999952,0.580614996,0.337780426,0.081604578,0.580614996,0.337780426,0.081604578,-0.580614996,0.662219574,-0.081604578,-1.176623927,1.400179669,-0.298086568,-1.182908061,1.407657773,-0.299678593,1.473335822,1.481204639,0.010596667
197,2,0,0,3.289999962,0.544263699,0.362349314,0.093386988,0.544263699,0.362349314,0.093386988,-0.544263699,0.637650686,-0.093386988,-1.092818083,1.326562433,-0.320946179,-1.100096446,1.335397575,-0.323083737,1.424883559,1.434373537,0.013188454
198,2,0,0,2.710000038,0.630567473,0.30220611,0.067226418,0.630567473,0.30220611,0.067226418,-0.630567473,0.69779389,-0.067226418,-1.306466315,1.519539385,-0.268461409,-1.313844558,1.528120954,-0.26997754,1.547026833,1.555763637,0.011199994
199,1,0,0,2.869999886,0.607337171,0.318988876,0.073673952,0.607337171,0.318988876,0.073673952,0.392662829,-0.318988876,-0.073673952,0.804072047,-0.684401049,-0.282016843,0.805431226,-0.68555794,-0.282493555,0.998670286,1.000358408,0.003372187
200,1,0,0,3.289999962,0.544263699,0.362349314,0.093386988,0.544263699,0.362349314,0.093386988,0.455736301,-0.362349314,-0.093386988,0.915065385,-0.753828071,-0.320946179,0.917474581,-0.75581276,-0.32179117,1.10301533,1.105919363,0.005244904
201,1,0,0,3.359999895,0.533553831,0.369345387,0.097100782,0.533553831,0.369345387,0.097100782,0.466446169,-0.369345387,-0.097100782,0.935000071,-0.76528033,-0.327937986,0.93788048,-0.767637892,-0.328948249,1.120888318,1.124341385,0.006132948
202,1,1,1,2.849999905,0.368063564,0.457558337,0.174378099,0.368063564,0.457558337,0.174378099,0.631936436,-0.457558337,-0.174378099,1.31031371,-0.918431388,-0.459573911,1.33078264,-0.932778569,-0.466753098,1.413859702,1.435946166,0.030525666
203,1,0,0,2.789999962,0.619020407,0.310597619,0.070381975,0.619020407,0.310597619,0.070381975,0.380979593,-0.310597619,-0.070381975,0.784509801,-0.671216573,-0.275155663,0.78594977,-0.672448592,-0.275660712,0.979404962,0.98120266,0.003660919
204,2,0,0,3.690000057,0.482812057,0.4007564,0.116431543,0.482812057,0.4007564,0.116431543,-0.482812057,0.5992436,-0.116431543,-0.96619516,1.222817002,-0.363007188,-0.977964196,1.237711899,-0.367428908,1.352332442,1.368804941,0.023923617
205,3,0,0,3.559999943,0.502817009,0.388736862,0.10844613,0.502817009,0.388736862,0.10844613,-0.502817009,-0.388736862,0.89155387,-1.005649978,-0.797468906,2.867257957,-1.00839077,-0.799642323,2.875072361,2.10784332,2.113588021,0.005428583
206,1,0,0,3.519999981,0.508973527,0.384938826,0.106087647,0.508973527,0.384938826,0.106087647,0.491026473,-0.384938826,-0.106087647,0.982211142,-0.791109687,-0.344496599,0.98655232,-0.794606235,-0.346019205,1.162204176,1.167340888,0.008781343
207,1,1,1,3.380000114,0.29590422,0.477663199,0.226432581,0.29590422,0.477663199,0.226432581,0.70409578,-0.477663199,-0.226432581,1.542553699,-0.956281115,-0.541028787,1.561663196,-0.968127737,-0.547731171,1.560589285,1.579922211,0.024323528
208,3,0,1,3.109999895,0.585898776,0.334111065,0.079990159,0.585898776,0.334111065,0.079990159,-0.585898776,-0.334111065,0.920009841,-1.189482449,-0.708344506,3.391391728,-1.193832426,-0.710934946,3.40379416,2.247599459,2.255819005,0.00727414
209,2,1,0,3.200000048,0.3068841,0.475687715,0.217428185,0.3068841,0.475687715,0.217428185,-0.3068841,0.524312285,-0.217428185,-0.665402247,1.049866429,-0.527103402,-0.675590162,1.065940841,-0.535173835,1.219010829,1.237674996,0.029932638
210,1,0,0,2.829999924,0.613195074,0.314794312,0.072010614,0.613195074,0.314794312,0.072010614,0.386804926,-0.314794312,-0.072010614,0.794230698,-0.677802176,-0.278565129,0.795621123,-0.678988774,-0.279052801,0.989011794,0.990743214,0.00349214
211,1,0,0,3.079999924,0.576110375,0.340889889,0.082999737,0.576110375,0.340889889,0.082999737,0.423889625,-0.340889889,-0.082999737,0.857775318,-0.719164221,-0.300852502,0.859313559,-0.720453891,-0.301392018,1.050196186,1.052079493,0.003576957
212,3,0,1,2.970000029,0.606647305,0.319481139,0.073871555,0.606647305,0.319481139,0.073871555,-0.606647305,-0.319481139,0.926128445,-1.241872675,-0.68517661,3.54076407,-1.246270463,-0.687602996,3.553302819,2.282729695,2.290813423,0.007045066
213,1,0,0,2.640000105,0.640550487,0.294876007,0.064573506,0.640550487,0.294876007,0.064573506,0.359449513,-0.294876007,-0.064573506,0.74910426,-0.646676342,-0.262737673,0.750874941,-0.64820491,-0.263358714,0.94385098,0.94608199,0.004710753
214,1,0,0,2.470000029,0.664281066,0.2771874,0.058531534,0.664281066,0.2771874,0.058531534,0.335718934,-0.2771874,-0.058531534,0.710905674,-0.619261222,-0.249340062,0.71327573,-0.621325749,-0.250171325,0.904488725,0.907504158,0.006634512
215,3,0,0,3.069999933,0.57761336,0.33985435,0.08253229,0.57761336,0.33985435,0.08253229,-0.57761336,-0.33985435,0.91746771,-1.169401181,-0.717507646,3.33413704,-1.170966143,-0.718467858,3.33859898,2.233636348,2.236625533,0.002671155
216,2,0,0,3.200000048,0.557972255,0.353228149,0.088799597,0.557972255,0.353228149,0.088799597,-0.557972255,0.646771851,-0.088799597,-1.123521886,1.353156109,-0.312175305,-1.130265807,1.361278405,-0.314049132,1.442664977,1.451324548,0.011897734
217,1,0,0,2.549999952,0.653208226,0.28548599,0.061305784,0.653208226,0.28548599,0.061305784,0.346791774,-0.28548599,-0.061305784,0.728632554,-0.632101799,-0.255557513,0.730695293,-0.633891261,-0.256280989,0.922886043,0.925498708,0.005637992
218,1,0,0,2.480000019,0.662906496,0.278221737,0.058871767,0.662906496,0.278221737,0.058871767,0.337093504,-0.278221737,-0.058871767,0.713097731,-0.620859926,-0.250108894,0.715427195,-0.622888079,-0.250925921,0.906775971,0.90973812,0.006501491
219,1,0,0,3.289999962,0.544263699,0.362349314,0.093386988,0.544263699,0.362349314,0.093386988,0.455736301,-0.362349314,-0.093386988,0.915065385,-0.753828071,-0.320946179,0.917474581,-0.75581276,-0.32179117,1.10301533,1.105919363,0.005244904
220,2,0,0,2.640000105,0.640550487,0.294876007,0.064573506,0.640550487,0.294876007,0.064573506,-0.640550487,0.705123993,-0.064573506,-1.334927664,1.546368617,-0.262737673,-1.342917358,1.555623809,-0.264310188,1.562818175,1.57217182,0.011863614
221,2,0,0,3.220000029,0.554932785,0.355266109,0.089801107,0.554932785,0.355266109,0.089801107,-0.554932785,0.644733891,-0.089801107,-1.116625109,1.34714195,-0.31410344,-1.123471439,1.355401641,-0.316029293,1.438671726,1.447492611,0.012150677
222,2,1,0,2.799999952,0.361599476,0.459969747,0.178430778,0.361599476,0.459969747,0.178430778,-0.361599476,0.540030253,-0.178430778,-0.752605311,1.08353866,-0.46602885,-0.764572344,1.1007678,-0.473439086,1.246270083,1.266086785,0.031058878
223,2,0,0,3.619999886,0.493581213,0.394348625,0.112070163,0.493581213,0.394348625,0.112070163,-0.493581213,0.605651375,-0.112070163,-0.987243779,1.239284987,-0.355267661,-0.997996875,1.252783326,-0.359137249,1.364199345,1.379058256,0.021433265
224,1,0,0,2.619999886,0.643381038,0.292785355,0.063833607,0.643381038,0.292785355,0.063833607,0.356618962,-0.292785355,-0.063833607,0.744505804,-0.643426661,-0.26112483,0.746335943,-0.645008329,-0.261766725,0.939167862,0.941476519,0.004898319
225,2,0,1,3.039999962,0.596316102,0.326808826,0.076875072,0.596316102,0.326808826,0.076875072,-0.596316102,0.673191174,-0.076875072,-1.215395307,1.435232691,-0.28857754,-1.234470407,1.457758043,-0.293106639,1.495580093,1.519052572,0.030665337
226,1,0,1,2.49000001,0.674541651,0.269430251,0.056028098,0.674541651,0.269430251,0.056028098,0.325458349,-0.269430251,-0.056028098,0.694613665,-0.607284694,-0.243625871,0.703353276,-0.614925535,-0.246691165,0.88738025,0.898545245,0.024696874
227,1,0,1,3.099999905,0.587391911,0.333069897,0.079538192,0.587391911,0.333069897,0.079538192,0.412608089,-0.333069897,-0.079538192,0.838117459,-0.706687698,-0.293957787,0.846138719,-0.7134511,-0.29677113,1.03156486,1.041437522,0.018869813
228,3,1,0,3.150000095,0.313471388,0.474293391,0.212235222,0.313471388,0.474293391,0.212235222,-0.313471388,-0.474293391,0.787764778,-0.675724448,-0.949842982,1.926591102,-0.679643966,-0.955352516,1.937766233,1.760715811,1.770928788,0.011500776
229,2,0,0,2.650000095,0.639131537,0.295922025,0.064946438,0.639131537,0.295922025,0.064946438,-0.639131537,0.704077975,-0.064946438,-1.330824107,1.542487788,-0.263547817,-1.338718185,1.551637395,-0.265111109,1.560550729,1.56980748,0.011758715
230,1,0,0,3.039999962,0.582113595,0.336742112,0.081144293,0.582113595,0.336742112,0.081144293,0.417886405,-0.336742112,-0.081144293,0.847276675,-0.712537136,-0.297170252,0.848732309,-0.713761286,-0.297680795,1.040278492,1.042065707,0.003427198
231,1,0,1,3.049999952,0.594832986,0.327853837,0.077313177,0.594832986,0.327853837,0.077313177,0.405167014,-0.327853837,-0.077313177,0.825314583,-0.698406502,-0.28946736,0.8332644,-0.705133881,-0.292255646,1.019288585,1.02910685,0.018990117
232,1,0,0,2.880000114,0.605867749,0.320036962,0.074095289,0.605867749,0.320036962,0.074095289,0.394132251,-0.320036962,-0.074095289,0.806551438,-0.686052604,-0.282886454,0.80790579,-0.687204616,-0.283361474,1.001092956,1.00277398,0.003349938
233,2,0,0,2.859999895,0.608804618,0.31794055,0.073254832,0.608804618,0.31794055,0.073254832,-0.608804618,0.68205945,-0.073254832,-1.247504468,1.464664498,-0.281149925,-1.254022385,1.472317025,-0.282618867,1.51386318,1.521772758,0.010368201
234,2,0,0,3,0.588092583,0.332580678,0.07932674,0.588092583,0.332580678,0.07932674,-0.588092583,0.667419322,-0.07932674,-1.194876568,1.416611884,-0.29353307,-1.201131808,1.42402792,-0.295069731,1.483828028,1.491595944,0.010388455
235,1,0,0,2.230000019,0.696399343,0.252700801,0.050899857,0.696399343,0.252700801,0.050899857,0.303600657,-0.252700801,-0.050899857,0.660270931,-0.581508478,-0.231580645,0.663756844,-0.584578563,-0.23280328,0.850684448,0.855175653,0.010476003
236,1,0,1,3.140000105,0.581409956,0.337229871,0.081360173,0.581409956,0.337229871,0.081360173,0.418590044,-0.337229871,-0.081360173,0.848502673,-0.713315325,-0.297600253,0.856603969,-0.720125885,-0.300441668,1.041440508,1.051383927,0.018825472
237,1,0,0,2.670000076,0.636286359,0.29801532,0.065698321,0.636286359,0.29801532,0.065698321,0.363713641,-0.29801532,-0.065698321,0.756055171,-0.651561595,-0.265175606,0.757742964,-0.65301612,-0.265767575,0.950901222,0.953023983,0.004449829
238,1,0,0,3.109999895,0.571593069,0.343990375,0.084416556,0.571593069,0.343990375,0.084416556,0.428406931,-0.343990375,-0.084416556,0.865734584,-0.7241325,-0.303644101,0.867351196,-0.725484694,-0.304211105,1.057665314,1.059640323,0.003724224
239,2,0,0,3.730000019,0.476664794,0.404345831,0.118989375,0.476664794,0.404345831,0.118989375,-0.476664794,0.595654169,-0.118989375,-0.954369523,1.213725869,-0.367505226,-0.966758922,1.229482169,-0.372276092,1.345722669,1.363192521,0.025466558
240,2,0,0,2.450000048,0.667021855,0.275121554,0.057856591,0.667021855,0.275121554,0.057856591,-0.667021855,0.724878446,-0.057856591,-1.415344518,1.623193465,-0.247809479,-1.42567847,1.635044999,-0.249618828,1.606575405,1.618305605,0.014444351
241,1,0,0,3.039999962,0.582113595,0.336742112,0.081144293,0.582113595,0.336742112,0.081144293,0.417886405,-0.336742112,-0.081144293,0.847276675,-0.712537136,-0.297170252,0.848732309,-0.713761286,-0.297680795,1.040278492,1.042065707,0.003427198
242,1,0,0,2.400000095,0.673824303,0.269974628,0.056201069,0.673824303,0.269974628,0.056201069,0.326175697,-0.269974628,-0.056201069,0.695748797,-0.608124498,-0.244024002,0.698418391,-0.610457877,-0.244960325,0.888578505,0.891987989,0.007630075
243,2,0,0,3.430000067,0.522812909,0.376241256,0.100945835,0.522812909,0.376241256,0.100945835,-0.522812909,0.623758744,-0.100945835,-1.046715868,1.287582649,-0.335082135,-1.055189407,1.298006091,-0.337794745,1.398230813,1.409549992,0.015996212
244,2,0,0,2.569999933,0.650413327,0.287568359,0.062018315,0.650413327,0.287568359,0.062018315,-0.650413327,0.712431641,-0.062018315,-1.364009143,1.573986672,-0.257135951,-1.372745695,1.584068141,-0.25878292,1.578793639,1.588905898,0.012688076
245,1,0,0,2.839999914,0.611733594,0.315843235,0.072423172,0.611733594,0.315843235,0.072423172,0.388266406,-0.315843235,-0.072423172,0.796679685,-0.679450741,-0.279424077,0.798060541,-0.680628408,-0.279908393,0.991421601,0.993139997,0.003457537
246,1,0,0,2.670000076,0.636286359,0.29801532,0.065698321,0.636286359,0.29801532,0.065698321,0.363713641,-0.29801532,-0.065698321,0.756055171,-0.651561595,-0.265175606,0.757742964,-0.65301612,-0.265767575,0.950901222,0.953023983,0.004449829
247,3,1,1,3.450000048,0.287003777,0.478924941,0.234071282,0.287003777,0.478924941,0.234071282,-0.287003777,-0.478924941,0.765928718,-0.634454076,-0.95870189,1.808923121,-0.641502453,-0.969352452,1.829019095,1.704188714,1.723121155,0.021853871
248,2,1,0,2.880000114,0.350307359,0.463925995,0.185766646,0.350307359,0.463925995,0.185766646,-0.350307359,0.536074005,-0.185766646,-0.734295144,1.074949396,-0.477649608,-0.745643794,1.091562912,-0.485031759,1.239379064,1.258533867,0.030208222
249,2,0,0,2.779999971,0.620471476,0.309548357,0.069980167,0.620471476,0.309548357,0.069980167,-0.620471476,0.690451643,-0.069980167,-1.278611776,1.493490217,-0.274309837,-1.285512786,1.501550983,-0.27579036,1.531431329,1.539696873,0.010707768
250,1,0,0,3.220000029,0.554932785,0.355266109,0.089801107,0.554932785,0.355266109,0.089801107,0.445067215,-0.355266109,-0.089801107,0.895555717,-0.742312271,-0.31410344,0.897587974,-0.743996777,-0.314816225,1.085272575,1.087735351,0.004523137
251,1,1,0,3.299999952,0.293944764,0.477967857,0.228087379,0.293944764,0.477967857,0.228087379,0.706055236,-0.477967857,-0.228087379,1.549838606,-0.956865119,-0.543583864,1.56067989,-0.963558491,-0.547386291,1.564840827,1.575787053,0.013844773
252,2,1,0,2.859999895,0.353115308,0.462973584,0.183911107,0.353115308,0.462973584,0.183911107,-0.353115308,0.537026416,-0.183911107,-0.738830535,1.077009956,-0.474717505,-0.750320419,1.093759019,-0.482100049,1.241036083,1.26033599,0.030392109
253,2,0,0,2.829999924,0.613195074,0.314794312,0.072010614,0.613195074,0.314794312,0.072010614,-0.613195074,0.685205688,-0.072010614,-1.259080016,1.475356728,-0.278565129,-1.265721464,1.483139001,-0.280034516,1.520418252,1.528438218,0.010466794
254,2,0,0,3.700000048,0.48127468,0.40165883,0.11706649,0.48127468,0.40165883,0.11706649,-0.48127468,0.59834117,-0.11706649,-0.963225084,1.220522483,-0.36412651,-0.975146545,1.235628414,-0.368633162,1.350668155,1.367384849,0.024301147
255,2,0,0,3.150000095,0.565551475,0.348108721,0.086339804,0.565551475,0.348108721,0.086339804,-0.565551475,0.651891279,-0.086339804,-1.140950771,1.368453779,-0.307406592,-1.147480406,1.376285409,-0.309165873,1.452749414,1.461063466,0.011348442
256,2,1,1,3.079999924,0.335780562,0.468503695,0.195715743,0.335780562,0.468503695,0.195715743,-0.335780562,0.531496305,-0.195715743,-0.711003905,1.065107922,-0.49329657,-0.729963367,1.093509839,-0.506450701,1.231431111,1.264268163,0.051271734
257,1,0,0,2.920000076,0.59997127,0.324225883,0.075802847,0.59997127,0.324225883,0.075802847,0.40002873,-0.324225883,-0.075802847,0.816545453,-0.692664714,-0.286391713,0.817892944,-0.693807772,-0.286864326,1.010815027,1.012483107,0.003292315
258,1,0,0,2.890000105,0.604396443,0.321084725,0.074518832,0.604396443,0.321084725,0.074518832,0.395603557,-0.321084725,-0.074518832,0.809038415,-0.687704763,-0.283758726,0.810389168,-0.68885294,-0.284232483,1.003518742,1.005194195,0.003330813
259,3,1,0,3.529999971,0.265432143,0.480592428,0.253975429,0.265432143,0.480592428,0.253975429,-0.265432143,-0.480592428,0.746024571,-0.601119472,-0.961909743,1.713881197,-0.605781905,-0.969370555,1.727174488,1.655607292,1.668448596,0.01533387
260,1,0,0,3.099999905,0.573100203,0.342957937,0.08394186,0.573100203,0.342957937,0.08394186,0.426899797,-0.342957937,-0.08394186,0.863073323,-0.722476695,-0.302710702,0.864662214,-0.723806751,-0.303267983,1.055172691,1.05711523,0.003671793
261,2,1,0,3.359999895,0.286336,0.479006752,0.234657248,0.286336,0.479006752,0.234657248,-0.286336,0.520993248,-0.234657248,-0.633418994,1.042906154,-0.553718456,-0.643706866,1.059844839,-0.562711847,1.213293523,1.232999608,0.031709031
262,2,0,0,2.74000001,0.626254017,0.305351918,0.068394066,0.626254017,0.305351918,0.068394066,-0.626254017,0.694648082,-0.068394066,-1.294455113,1.508280424,-0.270952453,-1.301612475,1.51662008,-0.272450616,1.540318369,1.54883517,0.010967449
263,2,0,0,2.730000019,0.627694105,0.304303118,0.068002776,0.627694105,0.304303118,0.068002776,-0.627694105,0.695696882,-0.068002776,-1.298446527,1.512017533,-0.270119547,-1.305674783,1.520434707,-0.271623262,1.542550469,1.551137616,0.011041415
264,1,1,0,2.720000029,0.373046553,0.45562978,0.171323667,0.373046553,0.45562978,0.171323667,0.626953447,-0.45562978,-0.171323667,1.29639137,-0.914868914,-0.454690848,1.307243284,-0.922527156,-0.458497003,1.404316246,1.416071584,0.016533834
265,1,0,0,3.529999971,0.50743458,0.385892426,0.106672995,0.50743458,0.385892426,0.106672995,0.49256542,-0.385892426,-0.106672995,0.98523976,-0.792703727,-0.345558844,0.989691021,-0.79628512,-0.34712006,1.164806836,1.170069371,0.008975024
266,1,1,0,3.450000048,0.275146969,0.480097318,0.244755714,0.275146969,0.480097318,0.244755714,0.724853031,-0.480097318,-0.244755714,1.623090043,-0.960956239,-0.569275765,1.635055338,-0.968040334,-0.573472422,1.606517907,1.618361033,0.014582398
267,1,0,0,2.980000019,0.591072471,0.33049555,0.078431979,0.591072471,0.33049555,0.078431979,0.408927529,-0.33049555,-0.078431979,0.831769148,-0.702596648,-0.291731208,0.83314555,-0.703759297,-0.292213961,1.02549173,1.027188702,0.003301379
268,2,0,0,2.880000114,0.605867749,0.320036962,0.074095289,0.605867749,0.320036962,0.074095289,-0.605867749,0.679963038,-0.074095289,-1.239846528,1.457614174,-0.282886454,-1.246295411,1.465195743,-0.284357847,1.509515672,1.5173672,0.010322108
269,3,1,0,3.210000038,0.305575931,0.475946351,0.218477718,0.305575931,0.475946351,0.218477718,-0.305575931,-0.475946351,0.781522282,-0.663356806,-0.952996107,1.891329112,-0.667322432,-0.958693231,1.902635703,1.744173872,1.754600752,0.011849873
270,1,0,0,3.059999943,0.579114909,0.338817851,0.08206724,0.579114909,0.338817851,0.08206724,0.420885091,-0.338817851,-0.08206724,0.852509835,-0.71585091,-0.299005709,0.854003703,-0.717105308,-0.299529662,1.045231419,1.047062997,0.003495445
271,1,0,0,2.400000095,0.673824303,0.269974628,0.056201069,0.673824303,0.269974628,0.056201069,0.326175697,-0.269974628,-0.056201069,0.695748797,-0.608124498,-0.244024002,0.698418391,-0.610457877,-0.244960325,0.888578505,0.891987989,0.007630075
272,2,0,0,3.569999933,0.501277673,0.389679424,0.109042903,0.501277673,0.389679424,0.109042903,-0.501277673,0.610320576,-0.109042903,-1.002558619,1.251483905,-0.349840679,-1.012642364,1.264071343,-0.35335938,1.372902668,1.386711338,0.019816551
273,1,1,0,2.880000114,0.350307359,0.463925995,0.185766646,0.350307359,0.463925995,0.185766646,0.649692641,-0.463925995,-0.185766646,1.361850215,-0.93027635,-0.477649608,1.372041211,-0.937237793,-0.481223955,1.448409018,1.459247752,0.014800065
274,1,0,0,3.269999981,0.547316594,0.360333862,0.092349544,0.547316594,0.360333862,0.092349544,0.452683406,-0.360333862,-0.092349544,0.909448225,-0.750543482,-0.31897604,0.911740352,-0.752435115,-0.319779971,1.097932476,1.10069965,0.005021707
275,1,0,0,2.920000076,0.59997127,0.324225883,0.075802847,0.59997127,0.324225883,0.075802847,0.40002873,-0.324225883,-0.075802847,0.816545453,-0.692664714,-0.286391713,0.817892944,-0.693807772,-0.286864326,1.010815027,1.012483107,0.003292315
276,3,0,0,2.700000048,0.632000707,0.301157963,0.066841329,0.632000707,0.301157963,0.066841329,-0.632000707,-0.301157963,0.933158671,-1.310494765,-0.656459088,3.736415873,-1.312179077,-0.657302802,3.741218098,2.326127119,2.329116771,0.002565551
277,2,1,0,2.529999971,0.400789326,0.443863971,0.155346703,0.400789326,0.443863971,0.155346703,-0.400789326,0.556136029,-0.155346703,-0.817839915,1.119349136,-0.428856285,-0.833029342,1.140138378,-0.436821268,1.274548653,1.298220356,0.03613545
278,2,0,0,3.380000114,0.530487705,0.371326455,0.09818584,0.530487705,0.371326455,0.09818584,-0.530487705,0.628673545,-0.09818584,-1.062953281,1.301171815,-0.329963503,-1.070950647,1.310961471,-0.332446057,1.407603404,1.418193822,0.014879314
279,1,0,0,3.160000086,0.564037964,0.349135261,0.086826775,0.564037964,0.349135261,0.086826775,0.435962036,-0.349135261,-0.086826775,0.87916455,-0.73240531,-0.308354471,0.880944419,-0.733888066,-0.308978735,1.070171685,1.072338249,0.004036739
280,2,0,0,2.599999905,0.646201577,0.2906968,0.063101623,0.646201577,0.2906968,0.063101623,-0.646201577,0.7093032,-0.063101623,-1.351468912,1.562053247,-0.259521906,-1.359868743,1.57176193,-0.261134921,1.571925239,1.58169528,0.012315731
281,1,0,0,2.759999991,0.623367139,0.307449952,0.069182909,0.623367139,0.307449952,0.069182909,0.376632861,-0.307449952,-0.069182909,0.777297288,-0.66628745,-0.272625977,0.77878578,-0.667563363,-0.273148044,0.972234155,0.974095943,0.003818945
282,1,0,0,3.559999943,0.502817009,0.388736862,0.10844613,0.502817009,0.388736862,0.10844613,0.497182991,-0.388736862,-0.10844613,0.994381765,-0.797468906,-0.348765272,0.999177129,-0.801314667,-0.350447178,1.17262865,1.178283602,0.009575594
283,1,0,0,2.869999886,0.607337171,0.318988876,0.073673952,0.607337171,0.318988876,0.073673952,0.392662829,-0.318988876,-0.073673952,0.804072047,-0.684401049,-0.282016843,0.805431226,-0.68555794,-0.282493555,0.998670286,1.000358408,0.003372187
284,2,1,0,2.99000001,0.335052594,0.468717092,0.196230314,0.335052594,0.468717092,0.196230314,-0.335052594,0.531282908,-0.196230314,-0.709843884,1.064651638,-0.494102712,-0.720567876,1.080735901,-0.501567386,1.231061256,1.249659558,0.029543896
285,1,0,0,2.680000067,0.634860172,0.299062538,0.06607729,0.634860172,0.299062538,0.06607729,0.365139828,-0.299062538,-0.06607729,0.758386445,-0.653192773,-0.265993267,0.760048351,-0.654624161,-0.266576157,0.953258103,0.955347046,0.004368379
286,1,0,0,2.99000001,0.589583349,0.331538452,0.078878199,0.589583349,0.331538452,0.078878199,0.410416651,-0.331538452,-0.078878199,0.834333884,-0.704253052,-0.292630752,0.835719897,-0.705422971,-0.293116876,1.027948618,1.029656267,0.003314181
287,2,0,0,2.960000038,0.594045683,0.328407856,0.077546461,0.594045683,0.328407856,0.077546461,-0.594045683,0.671592144,-0.077546461,-1.209682338,1.43003292,-0.289940406,-1.215960498,1.437454682,-0.291445174,1.492312957,1.500057948,0.010299598
288,1,1,1,2.769999981,0.379593599,0.45300688,0.167399521,0.379593599,0.45300688,0.167399521,0.620406401,-0.45300688,-0.167399521,1.278435126,-0.910042065,-0.448392951,1.299531028,-0.925058986,-0.455792039,1.391872174,1.414839941,0.032203421
289,2,0,0,3.279999971,0.545790577,0.361342458,0.092866965,0.545790577,0.361342458,0.092866965,-0.545790577,0.638657542,-0.092866965,-1.096187756,1.329457705,-0.319959593,-1.103397476,1.338201661,-0.322063994,1.426835052,1.436219468,0.013025524
290,1,0,1,2.74000001,0.639884407,0.295367195,0.064748397,0.639884407,0.295367195,0.064748397,0.360115593,-0.295367195,-0.064748397,0.75018815,-0.647440258,-0.263117832,0.75828542,-0.654428504,-0.265957834,0.944952626,0.955152117,0.021242761
291,1,0,0,1.899999976,0.737575726,0.220491505,0.041932769,0.737575726,0.220491505,0.041932769,0.262424274,-0.220491505,-0.041932769,0.596483857,-0.53184552,-0.209208236,0.601721527,-0.536515607,-0.211045274,0.780239088,0.787090296,0.017333183
292,1,0,0,3.049999952,0.580614996,0.337780426,0.081604578,0.580614996,0.337780426,0.081604578,0.419385004,-0.337780426,-0.081604578,0.849889227,-0.714194058,-0.298086568,0.851363219,-0.71543271,-0.298603549,1.042753469,1.044561953,0.003459667
293,2,0,1,2.440000057,0.681263885,0.264314241,0.054421874,0.681263885,0.264314241,0.054421874,-0.681263885,0.735685759,-0.054421874,-1.46198207,1.66834511,-0.239904302,-1.49009842,1.700430166,-0.244518061,1.631328646,1.662701814,0.037381544
294,2,0,0,3.329999924,0.538148145,0.366358576,0.095493279,0.538148145,0.366358576,0.095493279,-0.538148145,0.633641424,-0.095493279,-1.07944266,1.315129742,-0.324923037,-1.087018274,1.324359427,-0.327203373,1.417139873,1.427085473,0.013889769
295,2,0,1,3.559999943,0.517480608,0.379618045,0.102901347,0.517480608,0.379618045,0.102901347,-0.517480608,0.620381955,-0.102901347,-1.035594306,1.278368776,-0.338680684,-1.054390537,1.301571409,-0.344827802,1.391825907,1.417087808,0.035335473
296,1,0,0,2.150000095,0.706712312,0.244715552,0.048572136,0.706712312,0.244715552,0.048572136,0.293287688,-0.244715552,-0.048572136,0.644207219,-0.569213922,-0.225946526,0.648107072,-0.572659786,-0.227314344,0.833224591,0.838268703,0.011998386
297,1,0,0,2.829999924,0.613195074,0.314794312,0.072010614,0.613195074,0.314794312,0.072010614,0.386804926,-0.314794312,-0.072010614,0.794230698,-0.677802176,-0.278565129,0.795621123,-0.678988774,-0.279052801,0.989011794,0.990743214,0.00349214
298,2,0,0,2.789999962,0.619020407,0.310597619,0.070381975,0.619020407,0.310597619,0.070381975,-0.619020407,0.689402381,-0.070381975,-1.274681334,1.489832105,-0.275155663,-1.281525037,1.497830942,-0.276632961,1.529220086,1.537430395,0.010652042
299,2,0,0,2.720000029,0.629131931,0.303254505,0.067613564,0.629131931,0.303254505,0.067613564,-0.629131931,0.696745495,-0.067613564,-1.302450248,1.515770511,-0.269289202,-1.30975213,1.524268323,-0.270798909,1.544786636,1.55344712,0.01111894
300,3,1,0,3.039999962,0.328228621,0.470639725,0.201131654,0.328228621,0.470639725,0.201131654,-0.328228621,-0.470639725,0.798868346,-0.699000483,-0.942906473,1.992954546,-0.702904105,-0.948172207,2.004084355,1.790974924,1.800976762,0.011076284
301,1,0,1,3.029999971,0.597797461,0.325763296,0.076439243,0.597797461,0.325763296,0.076439243,0.402202539,-0.325763296,-0.076439243,0.820248361,-0.695096145,-0.287690455,0.828178084,-0.701815964,-0.290471693,1.014399603,1.024206276,0.019058123
302,1,0,0,2.880000114,0.605867749,0.320036962,0.074095289,0.605867749,0.320036962,0.074095289,0.394132251,-0.320036962,-0.074095289,0.806551438,-0.686052604,-0.282886454,0.80790579,-0.687204616,-0.283361474,1.001092956,1.00277398,0.003349938
303,2,0,0,3.210000038,0.556453048,0.354247867,0.089299085,0.556453048,0.354247867,0.089299085,-0.556453048,0.645752133,-0.089299085,-1.120068189,1.350141551,-0.313137888,-1.126862132,1.358331038,-0.315037274,1.440665417,1.449403991,0.012021812
304,1,0,0,2.74000001,0.626254017,0.305351918,0.068394066,0.626254017,0.305351918,0.068394066,0.373745983,-0.305351918,-0.068394066,0.772525822,-0.663006682,-0.270952453,0.774051829,-0.664316351,-0.271487678,0.967470116,0.969381206,0.00393902
305,1,0,0,3.569999933,0.501277673,0.389679424,0.109042903,0.501277673,0.389679424,0.109042903,0.498722327,-0.389679424,-0.109042903,0.997447911,-0.799051427,-0.349840679,1.002362644,-0.8029886,-0.351564452,1.175240481,1.181031253,0.009782257
306,2,0,0,2.430000067,0.669751392,0.273059649,0.057188959,0.669751392,0.273059649,0.057188959,-0.669751392,0.726940351,-0.057188959,-1.42408632,1.631626028,-0.246288292,-1.434725531,1.643815748,-0.248128288,1.611251076,1.623288576,0.014776016
307,1,0,0,3.109999895,0.571593069,0.343990375,0.084416556,0.571593069,0.343990375,0.084416556,0.428406931,-0.343990375,-0.084416556,0.865734584,-0.7241325,-0.303644101,0.867351196,-0.725484694,-0.304211105,1.057665314,1.059640323,0.003724224
308,1,0,0,2.759999991,0.623367139,0.307449952,0.069182909,0.623367139,0.307449952,0.069182909,0.376632861,-0.307449952,-0.069182909,0.777297288,-0.66628745,-0.272625977,0.77878578,-0.667563363,-0.273148044,0.972234155,0.974095943,0.003818945
309,2,0,0,3.130000114,0.568574805,0.34605192,0.085373275,0.568574805,0.34605192,0.085373275,-0.568574805,0.65394808,-0.085373275,-1.147997794,1.374678066,-0.305519566,-1.154458622,1.38241463,-0.307239002,1.456822885,1.465021752,0.011161507
310,1,0,0,2.75,0.624811687,0.306400873,0.06878744,0.624811687,0.306400873,0.06878744,0.375188313,-0.306400873,-0.06878744,0.774907882,-0.664646513,-0.271787927,0.776414627,-0.665938862,-0.272316396,0.969850478,0.971736272,0.003877521
311,1,0,0,2.599999905,0.646201577,0.2906968,0.063101623,0.646201577,0.2906968,0.063101623,0.353798423,-0.2906968,-0.063101623,0.739935629,-0.640183043,-0.259521906,0.741828441,-0.641820679,-0.260185783,0.934498567,0.936889085,0.005096587
312,1,0,0,3.670000076,0.485887757,0.398941627,0.115170616,0.485887757,0.398941627,0.115170616,0.514112243,-0.398941627,-0.115170616,1.028634284,-0.814697439,-0.360778856,1.034874645,-0.819639922,-0.362967574,1.201480449,1.208769407,0.012023769
313,1,0,0,3.259999991,0.548841722,0.359323565,0.091834713,0.548841722,0.359323565,0.091834713,0.451158278,-0.359323565,-0.091834713,0.906652589,-0.748899386,-0.31799551,0.908889027,-0.750746695,-0.318779909,1.095395071,1.09809708,0.004915202
314,1,0,0,3.410000086,0.525884324,0.37428201,0.099833666,0.525884324,0.37428201,0.099833666,0.474115676,-0.37428201,-0.099833666,0.949504538,-0.773410663,-0.333025222,0.952782351,-0.776080577,-0.334174868,1.133731896,1.137645686,0.006868673
315,3,0,0,3.24000001,0.5518892,0.357298014,0.090812786,0.5518892,0.357298014,0.090812786,-0.5518892,-0.357298014,0.909187214,-1.109770668,-0.745607865,3.164121559,-1.111553561,-0.746805715,3.169204853,2.190413289,2.193932279,0.003205357
316,1,0,0,3.049999952,0.580614996,0.337780426,0.081604578,0.580614996,0.337780426,0.081604578,0.419385004,-0.337780426,-0.081604578,0.849889227,-0.714194058,-0.298086568,0.851363219,-0.71543271,-0.298603549,1.042753469,1.044561953,0.003459667
317,2,1,0,2.380000114,0.423159763,0.433230732,0.143609504,0.423159763,0.433230732,0.143609504,-0.423159763,0.566769268,-0.143609504,-0.856494167,1.143782686,-0.409501665,-0.874314855,1.167580857,-0.418021982,1.293433279,1.320345163,0.040349477
318,2,0,0,2.609999895,0.644792565,0.291740804,0.063466631,0.644792565,0.291740804,0.063466631,-0.644792565,0.708259196,-0.063466631,-1.347314508,1.558107877,-0.260322134,-1.35560765,1.567698518,-0.261924498,1.569642971,1.579304614,0.012197888
319,2,1,1,3.180000067,0.322189169,0.472220663,0.205590168,0.322189169,0.472220663,0.205590168,-0.322189169,0.527779337,-0.205590168,-0.689447524,1.057191587,-0.508720063,-0.707506228,1.084882614,-0.522044972,1.224997059,1.257083416,0.050397394
320,1,0,0,3.339999914,0.536617388,0.367356161,0.096026451,0.536617388,0.367356161,0.096026451,0.463382612,-0.367356161,-0.096026451,0.929260541,-0.762015881,-0.325924928,0.931996369,-0.764259325,-0.326884481,1.115768737,1.119053663,0.005862283
321,2,0,0,2.839999914,0.611733594,0.315843235,0.072423172,0.611733594,0.315843235,0.072423172,-0.611733594,0.684156765,-0.072423172,-1.255209615,1.47177704,-0.279424077,-1.261807213,1.479512954,-0.280892778,1.518228758,1.526208831,0.01043004
322,1,0,0,2.799999952,0.617567209,0.311646877,0.070785914,0.617567209,0.311646877,0.070785914,0.382432791,-0.311646877,-0.070785914,0.786928814,-0.672861604,-0.276004097,0.788354739,-0.674080838,-0.276504221,0.981801789,0.983580827,0.003614201
323,1,0,0,3.210000038,0.556453048,0.354247867,0.089299085,0.556453048,0.354247867,0.089299085,0.443546952,-0.354247867,-0.089299085,0.892802786,-0.74066308,-0.313137888,0.894788558,-0.742310464,-0.31383437,1.0827488,1.085157051,0.004433604
324,1,0,0,2.630000114,0.641966983,0.293830449,0.064202568,0.641966983,0.293830449,0.064202568,0.358033017,-0.293830449,-0.064202568,0.74680152,-0.645050782,-0.261930019,0.74860152,-0.646605535,-0.262561344,0.941507733,0.94377703,0.004803187
325,1,0,0,2.309999943,0.685884918,0.260782207,0.053332875,0.685884918,0.260782207,0.053332875,0.314115082,-0.260782207,-0.053332875,0.676735202,-0.593953947,-0.237355254,0.679823838,-0.596664767,-0.238438549,0.868384043,0.87234737,0.009065937
326,1,0,0,2.289999962,0.688532032,0.258753445,0.052714523,0.688532032,0.258753445,0.052714523,0.311467968,-0.258753445,-0.052714523,0.67258104,-0.590828895,-0.235898241,0.675767091,-0.593627681,-0.237015703,0.863936847,0.86802936,0.009407206
327,1,0,0,3.509999991,0.510512305,0.383982564,0.105505131,0.510512305,0.383982564,0.105505131,0.489487695,-0.383982564,-0.105505131,0.979191833,-0.789512935,-0.343437619,0.983425214,-0.79292627,-0.344922417,1.159603845,1.16461721,0.008590933
328,2,0,0,2.869999886,0.607337171,0.318988876,0.073673952,0.607337171,0.318988876,0.073673952,-0.607337171,0.681011124,-0.073673952,-1.243669649,1.4611316,-0.282016843,-1.250151721,1.468747096,-0.283486729,1.511687168,1.519566162,0.010343172
329,1,0,0,3.089999914,0.57460598,0.34192443,0.08346959,0.57460598,0.34192443,0.08346959,0.42539402,-0.34192443,-0.08346959,0.860420243,-0.720820586,-0.301780172,0.861983015,-0.722129805,-0.302328292,1.052682977,1.054594954,0.003622706
330,2,1,0,2.880000114,0.350307359,0.463925995,0.185766646,0.350307359,0.463925995,0.185766646,-0.350307359,0.536074005,-0.185766646,-0.734295144,1.074949396,-0.477649608,-0.745643794,1.091562912,-0.485031759,1.239379064,1.258533867,0.030208222
331,1,1,0,2.470000029,0.40969349,0.439745987,0.150560523,0.40969349,0.439745987,0.150560523,0.59030651,-0.439745987,-0.150560523,1.200353753,-0.885948454,-0.421007019,1.213110484,-0.89536385,-0.425481261,1.335923638,1.350121135,0.020920861
332,2,0,1,3.720000029,0.492858375,0.394783367,0.112358258,0.492858375,0.394783367,0.112358258,-0.492858375,0.605216633,-0.112358258,-0.985817314,1.238157818,-0.355781728,-1.005766368,1.263213248,-0.362981347,1.363391435,1.3909811,0.039275945
333,1,0,0,3.200000048,0.557972255,0.353228149,0.088799597,0.557972255,0.353228149,0.088799597,0.442027745,-0.353228149,-0.088799597,0.890058318,-0.739013033,-0.312175305,0.891999396,-0.740624705,-0.312856111,1.080227791,1.0825836,0.004347461
334,2,0,0,2.569999933,0.650413327,0.287568359,0.062018315,0.650413327,0.287568359,0.062018315,-0.650413327,0.712431641,-0.062018315,-1.364009143,1.573986672,-0.257135951,-1.372745695,1.584068141,-0.25878292,1.578793639,1.588905898,0.012688076
335,1,0,0,3.049999952,0.580614996,0.337780426,0.081604578,0.580614996,0.337780426,0.081604578,0.419385004,-0.337780426,-0.081604578,0.849889227,-0.714194058,-0.298086568,0.851363219,-0.71543271,-0.298603549,1.042753469,1.044561953,0.003459667
336,1,0,0,3.269999981,0.547316594,0.360333862,0.092349544,0.547316594,0.360333862,0.092349544,0.452683406,-0.360333862,-0.092349544,0.909448225,-0.750543482,-0.31897604,0.911740352,-0.752435115,-0.319779971,1.097932476,1.10069965,0.005021707
337,1,0,0,3.299999952,0.542735988,0.363354391,0.09390962,0.542735988,0.363354391,0.09390962,0.457264012,-0.363354391,-0.09390962,0.917886962,-0.755468451,-0.321935807,0.92035757,-0.75750189,-0.322802337,1.10556075,1.108536507,0.005361596
338,1,0,0,2.730000019,0.627694105,0.304303118,0.068002776,0.627694105,0.304303118,0.068002776,0.372305895,-0.304303118,-0.068002776,0.770151084,-0.661367992,-0.270119547,0.771697348,-0.662695848,-0.270661877,0.965093078,0.967030735,0.004003423
339,1,1,0,2.630000114,0.386096124,0.450305192,0.163598684,0.386096124,0.450305192,0.163598684,0.613903876,-0.450305192,-0.163598684,1.260963359,-0.905091862,-0.442264977,1.272385585,-0.913290486,-0.446271161,1.379615102,1.392112116,0.017873447
340,1,0,0,2.769999981,0.621920394,0.308499124,0.069580481,0.621920394,0.308499124,0.069580481,0.378079606,-0.308499124,-0.069580481,0.779694061,-0.667929462,-0.273466611,0.781165329,-0.669189833,-0.273982637,0.974621134,0.976460226,0.003763308
341,1,0,0,3.150000095,0.565551475,0.348108721,0.086339804,0.565551475,0.348108721,0.086339804,0.434448525,-0.348108721,-0.086339804,0.876462005,-0.730751754,-0.307406592,0.87820588,-0.732205713,-0.308018231,1.067664706,1.069789012,0.003967505
342,1,0,0,2.849999905,0.6102701,0.316891992,0.072837908,0.6102701,0.316891992,0.072837908,0.3897299,-0.316891992,-0.072837908,0.799136223,-0.681100099,-0.280285673,0.800508671,-0.682269831,-0.280767039,0.993834627,0.995541452,0.003426
343,1,0,0,2.25,0.693789356,0.254712565,0.051498079,0.693789356,0.254712565,0.051498079,0.306210644,-0.254712565,-0.051498079,0.664349061,-0.584606023,-0.233010991,0.66773385,-0.587584529,-0.234198158,0.855086997,0.859443576,0.010112443
344,2,0,0,3.559999943,0.502817009,0.388736862,0.10844613,0.502817009,0.388736862,0.10844613,-0.502817009,0.611263138,-0.10844613,-1.005649978,1.253967386,-0.348765272,-1.015605648,1.266381332,-0.352217956,1.374665495,1.388274321,0.019509292
345,1,0,0,2.700000048,0.632000707,0.301157963,0.066841329,0.632000707,0.301157963,0.066841329,0.367999293,-0.301157963,-0.066841329,0.76307058,-0.656459088,-0.267636161,0.764683423,-0.657846595,-0.268201843,0.95798201,0.960006822,0.004213881
346,3,0,0,2.940000057,0.597012016,0.326317875,0.07667011,0.597012016,0.326317875,0.07667011,-0.597012016,-0.326317875,0.92332989,-1.217153879,-0.695973846,3.470287098,-1.218673838,-0.696842965,3.474620728,2.266381853,2.269212069,0.002492892
347,2,1,0,2.579999924,0.393418637,0.447151938,0.159429425,0.393418637,0.447151938,0.159429425,-0.393418637,0.552848062,-0.159429425,-0.805346793,1.111924597,-0.435509014,-0.819798494,1.131877742,-0.443324089,1.268744921,1.291512159,0.034945956
348,2,0,0,2.970000029,0.592559924,0.329452006,0.07798807,0.592559924,0.329452006,0.07798807,-0.592559924,0.670547994,-0.07798807,-1.205963785,1.426654648,-0.290834428,-1.212232346,1.434070353,-0.292346176,1.490184279,1.497930209,0.010315437
349,3,0,0,3.380000114,0.530487705,0.371326455,0.09818584,0.530487705,0.371326455,0.09818584,-0.530487705,-0.371326455,0.90181416,-1.062953281,-0.768538012,3.030638214,-1.065062632,-0.770063118,3.036652288,2.154480573,2.158755978,0.003957067
350,3,0,0,2.960000038,0.594045683,0.328407856,0.077546461,0.594045683,0.328407856,0.077546461,-0.594045683,-0.328407856,0.922453539,-1.209682338,-0.699284601,3.448984622,-1.211202738,-0.700163503,3.453319507,2.261361545,2.264203757,0.002508986
351,1,0,0,2.440000057,0.668388039,0.274090096,0.057521866,0.668388039,0.274090096,0.057521866,0.331611961,-0.274090096,-0.057521866,0.704369852,-0.614476545,-0.247047715,0.706865096,-0.61665334,-0.247922886,0.897648459,0.900828396,0.007047568
352,2,0,1,3.75,0.488241968,0.39754422,0.114213812,0.488241968,0.39754422,0.114213812,-0.488241968,0.60245578,-0.114213812,-0.976754049,1.231033485,-0.359083014,-0.996976924,1.256521003,-0.366517527,1.358270302,1.386392152,0.040156943
353,2,0,0,3.069999933,0.57761336,0.33985435,0.08253229,0.57761336,0.33985435,0.08253229,-0.57761336,0.66014565,-0.08253229,-1.169401181,1.39371337,-0.299927684,-1.175714559,1.401237767,-0.301546937,1.469175371,1.477107173,0.010710809
354,2,0,0,2.720000029,0.629131931,0.303254505,0.067613564,0.629131931,0.303254505,0.067613564,-0.629131931,0.696745495,-0.067613564,-1.302450248,1.515770511,-0.269289202,-1.30975213,1.524268323,-0.270798909,1.544786636,1.55344712,0.01111894
355,1,0,0,3.130000114,0.568574805,0.34605192,0.085373275,0.568574805,0.34605192,0.085373275,0.431425195,-0.34605192,-0.085373275,0.871081813,-0.727443046,-0.305519566,0.872758747,-0.728843459,-0.306107727,1.062659297,1.06470504,0.003839143
356,1,0,0,3.390000105,0.528953782,0.372313813,0.098732405,0.528953782,0.372313813,0.098732405,0.471046218,-0.372313813,-0.098732405,0.943675972,-0.770164132,-0.330980935,0.946788581,-0.772704432,-0.332072639,1.128586921,1.132309439,0.006564281
357,1,0,1,2.380000114,0.68923192,0.258216387,0.052551693,0.68923192,0.258216387,0.052551693,0.31076808,-0.258216387,-0.052551693,0.671483756,-0.590001727,-0.235513384,0.680591784,-0.59800453,-0.238707895,0.86276006,0.874462566,0.026585933
358,2,0,0,2.869999886,0.607337171,0.318988876,0.073673952,0.607337171,0.318988876,0.073673952,-0.607337171,0.681011124,-0.073673952,-1.243669649,1.4611316,-0.282016843,-1.250151721,1.468747096,-0.283486729,1.511687168,1.519566162,0.010343172
359,1,0,1,2.910000086,0.615427694,0.313188853,0.071383453,0.615427694,0.313188853,0.071383453,0.384572306,-0.313188853,-0.071383453,0.790497473,-0.675280923,-0.277255754,0.798399882,-0.682031541,-0.280027412,0.985330215,0.995180319,0.019697651
360,3,1,0,3.25,0.300374673,0.47691304,0.222712287,0.300374673,0.47691304,0.222712287,-0.300374673,-0.47691304,0.777287713,-0.655237726,-0.954844502,1.868180404,-0.659248886,-0.960689762,1.879616821,1.733132731,1.743742429,0.012131861
361,2,1,1,3.509999991,0.279503557,0.479736691,0.240759752,0.279503557,0.479736691,0.240759752,-0.279503557,0.520263309,-0.240759752,-0.622841797,1.041382157,-0.56312179,-0.639336373,1.068960841,-0.578034815,1.21203786,1.24413598,0.050933439
362,1,1,0,3.650000095,0.251277084,0.480494879,0.268228037,0.251277084,0.480494879,0.268228037,0.748722916,-0.480494879,-0.268228037,1.726172213,-0.96172181,-0.605430371,1.740377586,-0.969636209,-0.610412703,1.662046347,1.675724001,0.01625785
363,2,0,0,3.109999895,0.571593069,0.343990375,0.084416556,0.571593069,0.343990375,0.084416556,-0.571593069,0.656009625,-0.084416556,-1.155088428,1.380962738,-0.303644101,-1.161490226,1.38861639,-0.305326975,1.460918616,1.469015404,0.010993042
364,3,0,0,2.710000038,0.630567473,0.30220611,0.067226418,0.630567473,0.30220611,0.067226418,-0.630567473,-0.30220611,0.932773582,-1.306466315,-0.658094163,3.724930162,-1.30813788,-0.658936165,3.729696044,2.323656167,2.326629181,0.002554008
365,1,0,0,3.049999952,0.580614996,0.337780426,0.081604578,0.580614996,0.337780426,0.081604578,0.419385004,-0.337780426,-0.081604578,0.849889227,-0.714194058,-0.298086568,0.851363219,-0.71543271,-0.298603549,1.042753469,1.044561953,0.003459667
366,1,0,0,2.930000067,0.59849254,0.325272113,0.076235347,0.59849254,0.325272113,0.076235347,0.40150746,-0.325272113,-0.076235347,0.819063247,-0.694319057,-0.287274793,0.820412218,-0.695462578,-0.287747926,1.013253392,1.014922189,0.003285817
367,2,0,0,2.349999905,0.680554369,0.264855466,0.054590165,0.680554369,0.264855466,0.054590165,-0.680554369,0.735144534,-0.054590165,-1.459596915,1.666026465,-0.240296334,-1.471568542,1.679691229,-0.242267247,1.630074239,1.643444122,0.016204383
368,2,0,0,2.49000001,0.661529165,0.27925698,0.059213855,0.661529165,0.27925698,0.059213855,-0.661529165,0.72074302,-0.059213855,-1.398021569,1.606527648,-0.250880098,-1.407778462,1.61773972,-0.252631008,1.597261936,1.608409342,0.013813369
369,1,0,0,3.259999991,0.548841722,0.359323565,0.091834713,0.548841722,0.359323565,0.091834713,0.451158278,-0.359323565,-0.091834713,0.906652589,-0.748899386,-0.31799551,0.908889027,-0.750746695,-0.318779909,1.095395071,1.09809708,0.004915202
370,1,0,0,3.769999981,0.470524593,0.40787974,0.121595667,0.470524593,0.40787974,0.121595667,0.529475407,-0.40787974,-0.121595667,1.060795657,-0.829967539,-0.372059,1.068610776,-0.836082096,-0.374800042,1.227930822,1.236977264,0.014573205
371,1,0,1,3.49000001,0.528233213,0.372776765,0.098990023,0.528233213,0.372776765,0.098990023,0.471766787,-0.372776765,-0.098990023,0.945041389,-0.770927164,-0.331459836,0.954872509,-0.778947,-0.334907962,1.129794142,1.141547216,0.020485478
372,1,0,0,3.390000105,0.528953782,0.372313813,0.098732405,0.528953782,0.372313813,0.098732405,0.471046218,-0.372313813,-0.098732405,0.943675972,-0.770164132,-0.330980935,0.946788581,-0.772704432,-0.332072639,1.128586921,1.132309439,0.006564281
373,1,0,0,3.369999886,0.532021089,0.370336951,0.097641961,0.532021089,0.370336951,0.097641961,0.467978911,-0.370336951,-0.097641961,0.937883116,-0.766910032,-0.328949173,0.940838865,-0.769326958,-0.32998586,1.123451957,1.126992528,0.006273351
374,1,0,0,1.980000019,0.727930199,0.228112787,0.043957014,0.727930199,0.228112787,0.043957014,0.272069801,-0.228112787,-0.043957014,0.61135758,-0.543623086,-0.214424982,0.616165694,-0.547898492,-0.21611136,0.796931761,0.803199352,0.015545672
375,1,1,0,2.930000067,0.343333113,0.466198323,0.190468564,0.343333113,0.466198323,0.190468564,0.656666887,-0.466198323,-0.190468564,1.38297622,-0.934534602,-0.485059254,1.393058665,-0.94134773,-0.488595528,1.462227156,1.472887371,0.014422879
376,1,0,0,3.359999895,0.533553831,0.369345387,0.097100782,0.533553831,0.369345387,0.097100782,0.466446169,-0.369345387,-0.097100782,0.935000071,-0.76528033,-0.327937986,0.93788048,-0.767637892,-0.328948249,1.120888318,1.124341385,0.006132948
377,1,0,0,3.119999886,0.570084606,0.345021706,0.084893687,0.570084606,0.345021706,0.084893687,0.429915394,-0.345021706,-0.084893687,0.868404051,-0.725787954,-0.304580379,0.870050005,-0.727163596,-0.305157674,1.060160834,1.062170239,0.003780005
378,2,0,0,3.230000019,0.553411493,0.356282837,0.09030567,0.553411493,0.356282837,0.09030567,-0.553411493,0.643717163,-0.09030567,-1.113192613,1.344157295,-0.315071968,-1.120093684,1.352490197,-0.31702521,1.436683944,1.445590451,0.012284351
379,2,0,1,3.900000095,0.465205646,0.41089826,0.123896095,0.465205646,0.41089826,0.123896095,-0.465205646,0.58910174,-0.123896095,-0.932672306,1.197368978,-0.376054682,-0.954519398,1.225416374,-0.384863458,1.333723839,1.364965237,0.045252245
380,1,0,0,2.700000048,0.632000707,0.301157963,0.066841329,0.632000707,0.301157963,0.066841329,0.367999293,-0.301157963,-0.066841329,0.76307058,-0.656459088,-0.267636161,0.764683423,-0.657846595,-0.268201843,0.95798201,0.960006822,0.004213881
381,1,0,0,2.339999914,0.681891509,0.263835242,0.054273248,0.681891509,0.263835242,0.054273248,0.318108491,-0.263835242,-0.054273248,0.683014603,-0.59865814,-0.239557665,0.685959849,-0.60123963,-0.240590668,0.875082523,0.87885599,0.008568788
382,1,0,0,3.299999952,0.542735988,0.363354391,0.09390962,0.542735988,0.363354391,0.09390962,0.457264012,-0.363354391,-0.09390962,0.917886962,-0.755468451,-0.321935807,0.92035757,-0.75750189,-0.322802337,1.10556075,1.108536507,0.005361596
383,2,0,0,3.109999895,0.571593069,0.343990375,0.084416556,0.571593069,0.343990375,0.084416556,-0.571593069,0.656009625,-0.084416556,-1.155088428,1.380962738,-0.303644101,-1.161490226,1.38861639,-0.305326975,1.460918616,1.469015404,0.010993042
384,1,0,0,3.140000105,0.567063764,0.347080929,0.085855307,0.567063764,0.347080929,0.085855307,0.432936236,-0.347080929,-0.085855307,0.873767768,-0.72909765,-0.306461626,0.875477336,-0.730524164,-0.307061233,1.065160573,1.06724461,0.003901641
385,2,1,0,3.680000067,0.247817744,0.480312946,0.27186931,0.247817744,0.480312946,0.27186931,-0.247817744,0.519687054,-0.27186931,-0.573990438,1.040180728,-0.611048137,-0.58555539,1.061138638,-0.62335974,1.211046999,1.235447581,0.039110718
386,2,0,0,2.220000029,0.697699619,0.251697164,0.050603217,0.697699619,0.251697164,0.050603217,-0.697699619,0.748302836,-0.050603217,-1.519199805,1.724247222,-0.230868768,-1.533714604,1.740721093,-0.233074544,1.661041027,1.67691101,0.018838075
387,1,0,0,2.609999895,0.644792565,0.291740804,0.063466631,0.644792565,0.291740804,0.063466631,0.355207435,-0.291740804,-0.063466631,0.742217199,-0.641804085,-0.260322134,0.74407828,-0.643413384,-0.260974882,0.936831489,0.939180558,0.004996125
388,2,0,1,3.480000019,0.529767396,0.371790416,0.098442188,0.529767396,0.371790416,0.098442188,-0.529767396,0.628209584,-0.098442188,-1.061417502,1.299879766,-0.330440931,-1.079841444,1.322442904,-0.336176681,1.40671602,1.431133608,0.03383232
389,3,0,0,3.079999924,0.576110375,0.340889889,0.082999737,0.576110375,0.340889889,0.082999737,-0.576110375,-0.340889889,0.917000263,-1.165806451,-0.719164221,3.32388793,-1.167379105,-0.720134361,3.328371798,2.231106381,2.234116106,0.002692517
390,1,0,0,2.789999962,0.619020407,0.310597619,0.070381975,0.619020407,0.310597619,0.070381975,0.380979593,-0.310597619,-0.070381975,0.784509801,-0.671216573,-0.275155663,0.78594977,-0.672448592,-0.275660712,0.979404962,0.98120266,0.003660919
391,1,0,0,3.119999886,0.570084606,0.345021706,0.084893687,0.570084606,0.345021706,0.084893687,0.429915394,-0.345021706,-0.084893687,0.868404051,-0.725787954,-0.304580379,0.870050005,-0.727163596,-0.305157674,1.060160834,1.062170239,0.003780005
392,1,0,1,2.670000076,0.649755497,0.288057749,0.062186755,0.649755497,0.288057749,0.062186755,0.350244503,-0.288057749,-0.062186755,0.734193749,-0.636088285,-0.257508023,0.742435445,-0.643228697,-0.260398681,0.928610947,0.939035074,0.022078554
393,2,0,0,3.539999962,0.505895491,0.386843324,0.107261185,0.505895491,0.386843324,0.107261185,-0.505895491,0.613156676,-0.107261185,-1.011861324,1.258978106,-0.346624364,-1.021566735,1.271053772,-0.349949061,1.378212985,1.39143231,0.018910772
394,3,0,0,2.980000019,0.591072471,0.33049555,0.078431979,0.591072471,0.33049555,0.078431979,-0.591072471,-0.33049555,0.921568021,-1.202256662,-0.702596648,3.427812912,-1.203779815,-0.703486776,3.432155647,2.256334875,2.259193452,0.002529016
395,2,1,0,3.319999933,0.291395415,0.478341743,0.230262842,0.291395415,0.478341743,0.230262842,-0.291395415,0.521658257,-0.230262842,-0.641267718,1.044296691,-0.546941282,-0.651493127,1.060948645,-0.555662598,1.214438025,1.233802987,0.031144344
396,2,1,0,3.539999962,0.264233311,0.480622829,0.25514386,0.264233311,0.480622829,0.25514386,-0.264233311,0.519377171,-0.25514386,-0.599271635,1.039535273,-0.58527013,-0.610119608,1.058352867,-0.595864648,1.210514316,1.232426961,0.03524402
397,1,0,0,3.700000048,0.48127468,0.40165883,0.11706649,0.48127468,0.40165883,0.11706649,0.51872532,-0.40165883,-0.11706649,1.038178944,-0.819321245,-0.36412651,1.044864995,-0.824597815,-0.366471547,1.209394155,1.217182861,0.012756977
398,1,0,0,2.630000114,0.641966983,0.293830449,0.064202568,0.641966983,0.293830449,0.064202568,0.358033017,-0.293830449,-0.064202568,0.74680152,-0.645050782,-0.261930019,0.74860152,-0.646605535,-0.262561344,0.941507733,0.94377703,0.004803187
399,2,0,0,2.25,0.693789356,0.254712565,0.051498079,0.693789356,0.254712565,0.051498079,-0.693789356,0.745287435,-0.051498079,-1.505232805,1.710553709,-0.233010991,-1.519119439,1.726334546,-0.235160651,1.653855837,1.669113604,0.018198916
400,2,0,0,3.259999991,0.548841722,0.359323565,0.091834713,0.548841722,0.359323565,0.091834713,-0.548841722,0.640676435,-0.091834713,-1.102958302,1.335292856,-0.31799551,-1.110037617,1.343863405,-0.320036557,1.430756445,1.439939725,0.012714417
401,3,0,0,3.519999981,0.508973527,0.384938826,0.106087647,0.508973527,0.384938826,0.106087647,-0.508973527,-0.384938826,0.893912353,-1.018111033,-0.791109687,2.902786281,-1.020690028,-0.793113661,2.91013938,2.118249122,2.123614896,0.00504705
